Date,x,y,z,Type,Underground,Trap,Hidden,Location,Comments,Loot_Data,Loot_Data_Sep
,1729,87,466,mil_common,,,,,,,
,1729,80,408,civ_common,,,,,,,
,1729,80,417,food_common,,,,,,,
,1740,72,419,mil_common,,,,,,,
,1730,81,456,civ_common,,,,,,,
,-952,212,-3819,mil_epic,,,,,,,
,-959,214,-3812,mil_epic,,,,,,,
,2484,63,-3472,mil_epic,,,,,,,
,2493,127,-3474,mil_rare,,,,,,,
,2481,63,-3482,mil_rare,,,,,,,
,2481,114,-3482,mil_rare,,,,,,,
,2494,144,-3492,mil_rare,,,,,,,
,2487,83,-3490,mil_rare,,,,,,,
,2485,115,-3500,mil_rare,,,,,,,
,2484,123,-3503,mil_epic,,,,,,,
,-504,66,157,mil_common,,,,,,,
,3941,64,-829,mil_uncommon,,,,,,,
,2485,76,-3519,mil_rare,,,,,,,
,2483,146,-3510,mil_rare,,,,,,,
,2483,185,-3509,mil_epic,,,,,,,
,2488,178,-3517,mil_rare,,,,,,,
,2483,179,-3509,mil_rare,,,,,,,
,-1072,74,157,mil_common,,,,,,,
,1741,95,381,food_common,,,,,,,
,1735,75,380,civ_common,,,,,,,
,1731,89,374,civ_common,,,,,,,
,1738,80,394,civ_common,,,,,,,
,-956,178,-3862,mil_epic,,,,,,,
,-950,238,-3870,mil_epic,,,,,,,
,-946,202,-3876,mil_epic,,,,,,,
,-949,210,-3847,mil_epic,,,,,,,
,-958,203,-3950,mil_epic,,,,,,,
,-956,186,-3902,mil_rare,,,,,,,
,-950,238,-3906,mil_epic,,,,,,,
,76,64,285,food_common,,,,,,,
,-953,199,-3958,mil_epic,,,,,,,
,-880,68,-1384,mil_uncommon,,,,,,,
,-870,75,-1372,mil_uncommon,,,,,,,
,-868,69,-1422,mil_uncommon,,,,,,,
,-870,68,-1415,food_uncommon,,,,,,,
,-876,68,-1402,food_common,,,,,,,
,78,66,161,mil_common,,,,,,,
,1778,95,-1202,mil_uncommon,,,,,,,
,1780,101,-1170,mil_uncommon,,,,,,,
,890,65,-332,food_common,,,,,,,
,1777,94,-1163,mil_uncommon,,,,,,,
,3946,65,-615,mil_uncommon,,,,,,,
,2485,68,-3421,mil_rare,,,,,,,
,2493,87,-3453,mil_rare,,,,,,,
,2483,63,-3455,civ_tool,,,,,,,
,2486,76,-3451,mil_rare,,,,,,,
,-738,47,-2122,mil_uncommon,,,,,,,
,-2435,100,-415,mil_uncommon,,,,,,,
,-2436,92,-438,mil_uncommon,,,,,,,
,915,73,-1273,food_uncommon,,,,,,,
,922,80,-1270,civ_tool,,,,,,,
,-508,66,161,mil_common,,,,,,,
,-502,66,186,civ_common,,,,,,,
,-509,65,189,civ_common,,,,,,,
,-869,88,-1436,mil_rare,,,,,,,
,-871,88,-1427,mil_rare,,,,,,,
,-872,73,-1434,mil_uncommon,,,,,,,
,-873,88,-1440,mil_rare,,,,,,,
,-871,65,-1430,mil_rare,,,,,,,
,-867,68,-1446,mil_uncommon,,,,,,,
,-89,77,-238,food_common,,,,,,,
,-1130,68,-938,food_uncommon,,,,,,,
,-1132,72,-931,mil_uncommon,,,,,,,
,-1130,72,-944,mil_uncommon,,,,,,,
,1525,94,-3747,mil_epic,,,,,,,
,1534,77,-3745,mil_epic,,,,,,,
,-1134,68,-957,civ_tool,,,,,,,
,-1133,69,-950,food_uncommon,,,,,,,
,657,36,-1792,mil_rare,,,,,,,
,-506,61,325,food_common,,,,,,,
,-2357,65,-3080,mil_rare,,,,,,,
,-2357,65,-3084,mil_rare,,,,,,,
,3641,210,-3764,mil_rare,,,,,,,
,3645,185,-3770,mil_rare,,,,,,,
,3647,210,-3781,mil_rare,,,,,,,
,3638,184,-3783,mil_rare,,,,,,,
,3638,210,-3795,mil_rare,,,,,,,
,3638,184,-3795,mil_rare,,,,,,,
,3645,185,-3808,mil_rare,,,,,,,
,3643,210,-3821,mil_rare,,,,,,,
,1734,86,501,mil_common,,,,,,,
,1735,81,501,mil_common,,,,,,,
,1735,90,499,tool_south,,,,,,,
,-1022,67,276,food_common,,,,,,,
,-1014,70,287,mil_common,,,,,,,
,-1014,68,268,food_common,,,,,,,
,-1020,72,267,food_common,,,,,,,
,-610,74,-727,food_common,,,,,,,
,-2479,95,-1967,mil_rare,,,,,,,
,-1626,78,-3293,mil_rare,,,,,,,
,2629,99,-3770,mil_rare,,,,,,,
,-1793,76,319,tool_south,,,,,,,
,628,40,-957,food_uncommon,,,,,,,
,629,40,-948,food_uncommon,,,,,,,
,629,28,-949,pot_uncommon,,,,,,,
,1240,83,-3414,mil_rare,,,,,,,
,2938,69,-1332,mil_uncommon,,,,,,,
,2939,75,-1330,food_uncommon,,,,,,,
,3414,68,36,civ_tool,,,,,,,
,3410,68,41,mil_rare,,,,,,,
,3420,96,41,mil_uncommon,,,,,,,
,2938,74,-1319,mil_uncommon,,,,,,,
,2941,64,-1323,mil_rare,,,,,,,
,-2480,75,-1890,mil_uncommon,,,,,,,
,-1624,74,-3410,mil_rare,,,,,,,
,-1630,78,-3420,mil_rare,,,,,,,
,1242,69,-3441,mil_rare,,,,,,,
,-1794,75,434,civ_common,,,,,,,
,-1795,51,442,mil_common,,,,,,,
,-1793,70,434,tool_south,,,,,,,
,-1802,77,431,food_common,,,,,,,
,-1805,74,418,food_common,,,,,,,
,-1807,63,472,mil_common,,,,,,,
,-1804,63,453,mil_common,,,,,,,
,-1807,63,458,mil_common,,,,,,,
,3421,81,19,food_common,,,,,,,
,3421,105,25,mil_common,,,,,,,
,3419,95,24,food_common,,,,,,,
,3413,105,23,mil_common,,,,,,,
,-3155,171,-593,mil_rare,,,,,,,
,-3157,115,-593,pot_common,,,,,,,
,-3158,73,-594,mil_rare,,,,,,,
,-493,66,-1618,mil_common,,,,,,,
,-3160,55,-589,mil_uncommon,,,,,,,
,3410,68,12,civ_common,,,,,,,
,3410,75,14,mil_common,,,,,,,
,-482,76,-1645,civ_common,,,,,,,
,-486,72,-1649,civ_common,,,,,,,
,-747,32,-2001,mil_epic,,,,,,,
,-1805,77,344,mil_common,,,,,,,
,-1800,76,351,food_common,,,,,,,
,-1803,72,344,civ_common,,,,,,,
,-1797,75,336,tool_south,,,,,,,
,-740,65,-1988,mil_epic,,,,,,,
,-742,31,-1989,mil_epic,,,,,,,
,-748,28,-1989,mil_epic,,,,,,,
,-752,110,-1977,food_uncommon,,,,,,,
,-748,33,-1973,mil_epic,,,,,,,
,-737,35,-1981,mil_epic,,,,,,,
,-1797,76,332,civ_common,,,,,,,
,-1800,77,324,food_common,,,,,,,
,-1804,76,379,food_common,,,,,,,
,-1798,51,379,mil_common,,,,,,,
,-1798,51,355,civ_common,,,,,,,
,-3153,47,-633,mil_uncommon,,,,,,,
,-1795,70,415,food_common,,,,,,,
,-1795,76,403,civ_common,,,,,,,
,-1804,51,397,mil_common,,,,,,,
,-1801,73,392,civ_common,,,,,,,
,-955,107,-3595,civ_common,,,,,,,
,-1208,84,-3427,mil_rare,,,,,,,
,-1215,69,-3425,mil_epic,,,,,,,
,-1216,94,-3432,mil_epic,,,,,,,
,-1213,90,-3432,mil_rare,,,,,,,
,-1213,69,-3425,mil_rare,,,,,,,
,-1208,90,-3429,mil_rare,,,,,,,
,-1203,84,-3413,mil_rare,,,,,,,
,-1205,78,-3419,food_uncommon,,,,,,,
,-1216,90,-3409,mil_rare,,,,,,,
,-1205,90,-3420,mil_rare,,,,,,,
,-2592,67,-1421,civ_common,,,,,,,
,-2588,73,-1415,civ_common,,,,,,,
,-1798,74,491,pot_south,,,,,,,
,-1798,74,483,pot_south,,,,,,,
,-1795,69,531,civ_common,,,,,,,
,-2549,74,-1374,mil_uncommon,,,,,,,
,-2556,68,-1374,mil_uncommon,,,,,,,
,-902,75,-1372,mil_uncommon,,,,,,,
,-2903,78,-2141,mil_rare,,,,,,,
,-2903,78,-2131,mil_rare,,,,,,,
,-1149,81,-2880,mil_rare,,,,,,,
,-1144,85,-2873,mil_rare,,,,,,,
,-2104,88,-1766,mil_epic,,,,,,,
,2520,68,527,tool_south,,,,,,,
,2524,72,528,civ_common,,,,,,,
,2521,72,533,mil_common,,,,,,,
,2515,88,542,pot_south,,,,,,,
,2516,67,493,food_common,,,,,,,
,625,28,-1516,mil_epic,,,,,,,
,-349,78,-2677,mil_uncommon,,,,,,,
,-349,87,-2677,mil_rare,,,,,,,
,-1574,74,-3358,civ_tool,,,,,,,
,-2109,90,-1819,mil_rare,,,,,,,
,630,43,-1457,mil_epic,,,,,,,
,637,29,-1470,pot_rare,,,,,,,
,-2548,66,-1409,civ_common,,,,,,,
,-2560,73,-1419,mil_uncommon,,,,,,,
,-1577,68,-3371,mil_rare,,,,,,,
,-1575,74,-3369,civ_tool,,,,,,,
,-2112,90,-1780,pot_rare,,,,,,,
,87,32,-2697,mil_epic,,,,,,,
,-1143,83,-2858,mil_rare,,,,,,,
,-1274,81,-507,pot_common,,,,,,,
,3651,102,-855,mil_uncommon,,,,,,,
,479,114,-3805,axismundi,,,,,,,
,85,34,-2665,mil_rare,,,,,,,
,-1276,77,-545,mil_uncommon,,,,,,,
,-1272,68,-545,mil_common,,,,,,,
,3798,79,-1460,mil_uncommon,,,,,,,
,3796,80,-1459,civ_common,,,,,,,
,3806,92,-1465,civ_common,,,,,,,
,3800,92,-1467,civ_common,,,,,,,
,3805,99,-1469,food_uncommon,,,,,,,
,3797,106,-1465,food_uncommon,,,,,,,
,3798,105,-1470,civ_common,,,,,,,
,3796,110,-1465,civ_tool,,,,,,,
,3801,92,-1455,civ_tool,,,,,,,
,-1279,73,-532,mil_uncommon,,,,,,,
,-1279,68,-532,mil_common,,,,,,,
,2527,66,465,mil_common,,,,,,,
,2523,70,479,food_common,,,,,,,
,-374,75,-2702,mil_rare,,,,,,,
,1656,43,-2217,mil_rare,,,,,,,
,1652,46,-2197,mil_rare,,,,,,,
,1657,43,-2177,food_uncommon,,,,,,,
,1660,66,-2175,mil_uncommon,,,,,,,
,1658,43,-2163,pot_uncommon,,,,,,,
,-2216,72,-1133,food_uncommon,,,,,,,
,1658,43,-2159,pot_uncommon,,,,,,,
,-637,93,342,civ_common,,,,,,,
,-2872,71,-2105,mil_uncommon,,,,,,,
,-2872,68,-2141,food_uncommon,,,,,,,
,-2879,67,-2161,mil_uncommon,,,,,,,
,2519,66,431,tool_south,,,,,,,
,2517,66,430,mil_common,,,,,,,
,3115,98,-24,mil_common,,,,,,,
,3107,99,-7,mil_uncommon,,,,,,,
,95,26,-2737,pot_uncommon,,,,,,,
,-133,75,-3338,food_common,,,,,,,
,1205,130,-1952,pot_uncommon,,,,,,,
,2936,43,-1177,pot_rare,,,,,,,
,2942,43,-1183,mil_epic,,,,,,,
,2930,43,-1183,mil_epic,,,,,,,
,2936,43,-1216,mil_epic,,,,,,,
,411,127,-1639,civ_common,,,,,,,
,406,143,-1641,mil_rare,,,,,,,
,404,138,-1639,mil_rare,,,,,,,
,1659,84,-2583,civ_tool,,,,,,,
,410,126,-1656,food_uncommon,,,,,,,
,407,138,-1661,mil_uncommon,,,,,,,
,2622,68,151,food_common,,,,,,,
,2619,64,150,food_common,,,,,,,
,1980,139,-3786,mil_epic,,,,,,,
,1978,52,-3824,mil_rare,,,,,,,
,1977,44,-3731,mil_epic,,,,,,,
,515,48,-1642,civ_common,,,,,,,
,3658,106,-1200,mil_uncommon,,,,,,,
,-1432,40,-1978,mil_rare,,,,,,,
,526,33,-1670,food_uncommon,,,,,,,
,-1437,22,-2002,mil_uncommon,,,,,,,
,3648,102,-900,mil_uncommon,,,,,,,
,-2826,74,-3582,mil_epic,,,,,,,
,-2828,93,-3584,mil_rare,,,,,,,
,3640,70,341,tool_south,,,,,,,
,3637,70,341,tool_south,,,,,,,
,-2826,92,-3596,mil_epic,,,,,,,
,3637,70,352,mil_common,,,,,,,
,1471,55,-1128,mil_uncommon,,,,,,,
,1469,66,-1125,mil_uncommon,,,,,,,
,1462,67,-1112,food_common,,,,,,,
,-2824,93,-3552,mil_rare,,,,,,,
,1065,18,-1576,food_uncommon,,,,,,,
,1056,19,-1572,food_uncommon,,,,,,,
,1064,13,-1553,mil_rare,,,,,,,
,-2410,86,-458,mil_common,,,,,,,
,-2407,94,-459,civ_common,,,,,,,
,-2413,109,-462,mil_rare,,,,,,,
,3632,80,377,mil_common,,,,,,,
,3634,70,374,tool_south,,,,,,,
,3632,73,394,food_common,,,,,,,
,3642,65,395,food_common,,,,,,,
,3755,196,-3664,mil_rare,,,,,,,
,3755,234,-3660,mil_epic,,,,,,,
,-829,70,185,food_common,,,,,,,
,-1712,75,-2953,civ_common,,,,,,,
,-1706,75,-2958,pot_uncommon,,,,,,,
,-1707,122,-2960,pot_rare,,,,,,,
,-1708,122,-2956,mil_epic,,,,,,,
,-1712,75,-2967,civ_common,,,,,,,
,-1701,93,-2962,civ_common,,,,,,,
,-1706,75,-2962,pot_uncommon,,,,,,,
,-1708,122,-2964,mil_epic,,,,,,,
,-825,71,194,food_common,,,,,,,
,-826,74,194,food_common,,,,,,,
,1973,89,-3850,mil_epic,,,,,,,
,1973,55,-3843,mil_rare,,,,,,,
,-908,68,-1431,food_uncommon,,,,,,,
,-909,76,-1434,mil_uncommon,,,,,,,
,-899,68,-1425,food_common,,,,,,,
,-828,74,175,civ_common,,,,,,,
,-828,68,173,civ_common,,,,,,,
,2541,89,-1804,mil_rare,,,,,,,
,2541,89,-1801,mil_rare,,,,,,,
,3777,197,-3830,mil_rare,,,,,,,
,3787,197,-3828,mil_epic,,,,,,,
,3783,203,-3833,mil_epic,,,,,,,
,3787,198,-3836,mil_rare,,,,,,,
,2061,21,-3189,mil_rare,,,,,,,
,2062,23,-3191,mil_rare,,,,,,,
,3789,197,-3845,mil_epic,,,,,,,
,1939,66,-3794,mil_rare,,,,,,,
,3789,210,-3864,mil_epic,,,,,,,
,3785,210,-3882,mil_rare,,,,,,,
,3787,215,-3886,mil_epic,,,,,,,
,-2391,73,-2624,mil_rare,,,,,,,
,-2388,73,-2599,civ_common,,,,,,,
,-2394,77,-2559,mil_epic,,,,,,,
,-2394,73,-2565,mil_rare,,,,,,,
,-2394,88,-2564,mil_epic,,,,,,,
,894,66,439,tool_south,,,,,,,
,-2872,84,-972,civ_common,,,,,,,
,886,67,394,civ_common,,,,,,,
,882,66,395,tool_south,,,,,,,
,882,73,394,civ_common,,,,,,,
,-2866,84,-996,food_common,,,,,,,
,-2874,100,-1043,mil_uncommon,,,,,,,
,-2873,84,-1056,food_common,,,,,,,
,1029,23,-1544,food_uncommon,,,,,,,
,1808,91,463,civ_common,,,,,,,
,1036,14,-1533,mil_uncommon,,,,,,,
,82,78,-1905,civ_tool,,,,,,,
,81,81,-1909,civ_tool,,,,,,,
,1814,81,466,civ_common,,,,,,,
,1814,81,474,civ_common,,,,,,,
,1810,91,474,civ_common,,,,,,,
,161,74,119,civ_common,,,,,,,
,3749,184,-3672,mil_rare,,,,,,,
,349,45,-1292,mil_rare,,,,,,,
,3786,197,-3724,mil_epic,,,,,,,
,368,177,297,mil_common,,,,,,,
,3783,202,-3742,mil_epic,,,,,,,
,3782,199,-3747,mil_rare,,,,,,,
,3788,203,-3751,mil_epic,,,,,,,
,-367,65,23,mil_uncommon,,,,,,,
,-2421,57,-3729,mil_epic,,,,,,,
,3749,184,-3906,mil_rare,,,,,,,
,3755,196,-3914,mil_rare,,,,,,,
,3755,234,-3918,mil_epic,,,,,,,
,-2427,57,-3722,mil_rare,,,,,,,
,-2419,57,-3724,mil_epic,,,,,,,
,-2426,63,-3724,mil_epic,,,,,,,
,-2431,76,-3711,pot_rare,,,,,,,
,-2418,63,-3709,mil_epic,,,,,,,
,-2419,57,-3709,mil_epic,,,,,,,
,-2424,58,-3709,mil_epic,,,,,,,
,-2423,63,-3709,mil_epic,,,,,,,
,1809,81,521,civ_common,,,,,,,
,1812,63,543,mil_common,,,,,,,
,1812,63,531,mil_common,,,,,,,
,1809,81,530,civ_common,,,,,,,
,-2427,73,-3679,mil_epic,,,,,,,
,1936,41,-3696,pot_rare,,,,,,,
,1947,104,-3737,mil_epic,,,,,,,
,-2430,73,-3762,mil_epic,,,,,,,
,3655,88,-435,food_common,,,,,,,
,3656,90,-463,mil_uncommon,,,,,,,
,3650,90,-481,mil_common,,,,,,,
,85,31,-1592,mil_rare,,,,,,,
,2049,124,-3727,mil_epic,,,,,,,
,-1545,74,-2023,civ_common,,,,,,,
,-1544,69,-2025,mil_uncommon,,,,,,,
,-1547,80,-2027,mil_uncommon,,,,,,,
,2059,136,-3760,mil_epic,,,,,,,
,-1552,78,-1986,mil_rare,,,,,,,
,-1550,73,-1972,civ_tool,,,,,,,
,-1543,84,-1978,mil_uncommon,,,,,,,
,-2327,89,-415,civ_common,,,,,,,
,-2328,89,-415,civ_common,,,,,,,
,1140,23,-1520,food_uncommon,,,,,,,
,1139,22,-1511,mil_uncommon,,,,,,,
,1142,21,-1472,civ_common,,,,,,,
,1137,5,-1469,civ_common,,,,,,,
,1141,5,-1481,civ_common,,,,,,,
,1143,22,-1484,civ_common,,,,,,,
,1141,5,-1478,food_uncommon,,,,,,,
,105,66,113,mil_common,,,,,,,
,2058,28,-3890,mil_rare,,,,,,,
,2053,137,-3894,mil_epic,,,,,,,
,2222,73,-1302,civ_common,,,,,,,
,-2500,83,-1032,mil_uncommon,,,,,,,
,-2498,84,-1039,civ_common,,,,,,,
,-2497,92,-1029,civ_common,,,,,,,
,-545,73,-1083,food_uncommon,,,,,,,
,3167,100,-13,mil_uncommon,,,,,,,
,3156,93,-32,civ_common,,,,,,,
,497,114,-3812,axismundi,,,,,,,
,-1843,63,495,mil_common,,,,,,,
,-1845,60,480,mil_common,,,,,,,
,861,40,-1393,mil_rare,,,,,,,
,-3055,43,-1652,civ_tool,,,,,,,
,-1848,63,497,mil_common,,,,,,,
,-1868,216,-595,mil_rare,,,,,,,
,857,12,-1335,mil_rare,,,,,,,
,857,8,-1339,food_uncommon,,,,,,,
,-1868,215,-567,mil_uncommon,,,,,,,
,851,11,-1347,mil_rare,,,,,,,
,23,32,-1542,mil_rare,,,,,,,
,-2848,82,-2110,mil_rare,,,,,,,
,2579,66,464,tool_south,,,,,,,
,2579,70,453,civ_common,,,,,,,
,-2848,71,-2164,mil_rare,,,,,,,
,2581,72,495,food_common,,,,,,,
,2577,68,493,mil_common,,,,,,,
,3622,92,-880,food_uncommon,,,,,,,
,3616,84,-892,mil_rare,,,,,,,
,3619,92,-887,food_uncommon,,,,,,,
,3624,91,-893,mil_uncommon,,,,,,,
,-1515,69,-1999,food_uncommon,,,,,,,
,-1519,73,-1999,civ_common,,,,,,,
,-1519,77,-1994,mil_uncommon,,,,,,,
,2582,72,526,civ_common,,,,,,,
,2578,72,518,civ_common,,,,,,,
,-2870,64,-264,food_common,,,,,,,
,-2865,72,-244,civ_common,,,,,,,
,2579,69,498,tool_south,,,,,,,
,-2844,82,-2088,mil_rare,,,,,,,
,-3018,40,-1565,mil_rare,,,,,,,
,1092,20,-1482,food_uncommon,,,,,,,
,1088,17,-1482,civ_common,,,,,,,
,2115,66,93,food_common,,,,,,,
,2119,58,90,mil_rare,,,,,,,
,1098,17,-1461,food_uncommon,,,,,,,
,1096,15,-1472,civ_common,,,,,,,
,1088,14,-1461,civ_common,,,,,,,
,1097,15,-1453,civ_tool,,,,,,,
,-513,153,-3831,civ_common,,,,,,,
,1091,12,-1581,mil_rare,,,,,,,
,1100,13,-1551,civ_tool,,,,,,,
,1103,19,-1548,mil_uncommon,,,,,,,
,1102,28,-1549,mil_uncommon,,,,,,,
,1099,35,-1525,mil_rare,,,,,,,
,1097,14,-1525,civ_common,,,,,,,
,1092,26,-1517,civ_common,,,,,,,
,1095,32,-1517,mil_uncommon,,,,,,,
,1093,35,-1509,civ_common,,,,,,,
,1094,21,-1520,mil_rare,,,,,,,
,2968,86,264,tool_south,,,,,,,
,2969,93,267,food_common,,,,,,,
,2969,93,270,pot_common,,,,,,,
,2973,80,260,pot_south,,,,,,,
,-556,71,-1131,food_uncommon,,,,,,,
,-559,75,-1124,civ_common,,,,,,,
,-2842,70,-2494,civ_tool,,,,,,,
,-711,43,-2075,mil_rare,,,,,,,
,497,139,-3874,axismundi,,,,,,,
,959,74,-2012,mil_rare,,,,,,,
,958,73,-2004,mil_rare,,,,,,,
,959,80,-2001,mil_rare,,,,,,,
,956,68,-2009,food_uncommon,,,,,,,
,959,81,-2013,food_uncommon,,,,,,,
,959,67,-2006,food_uncommon,,,,,,,
,510,114,-3837,axismundi,,,,,,,
,497,114,-3862,axismundi,,,,,,,
,-550,77,-1120,civ_tool,,,,,,,
,-2186,68,103,food_common,,,,,,,
,-1659,78,-3397,mil_rare,,,,,,,
,-2905,84,-1033,civ_common,,,,,,,
,-2191,73,74,civ_common,,,,,,,
,-2191,68,79,food_common,,,,,,,
,-2183,68,66,food_common,,,,,,,
,-2191,68,72,civ_common,,,,,,,
,-2183,70,94,food_uncommon,,,,,,,
,-2903,84,-1009,food_common,,,,,,,
,1058,70,-263,food_uncommon,,,,,,,
,3183,85,2,civ_common,,,,,,,
,3178,86,2,food_common,,,,,,,
,-2897,92,-995,mil_uncommon,,,,,,,
,1572,80,-3087,mil_common,,,,,,,
,1573,81,-3105,civ_tool,,,,,,,
,61,78,-1854,civ_common,,,,,,,
,2712,75,-556,mil_rare,,,,,,,
,55,79,-1879,mil_uncommon,,,,,,,
,50,83,-1874,food_uncommon,,,,,,,
,2449,99,-1869,mil_rare,,,,,,,
,2706,70,-569,civ_tool,,,,,,,
,2714,74,-585,civ_common,,,,,,,
,2716,79,-589,food_uncommon,,,,,,,
,55,85,-1902,mil_uncommon,,,,,,,
,57,66,-1895,civ_tool,,,,,,,
,2449,89,-1809,mil_rare,,,,,,,
,2456,89,-1798,mil_rare,,,,,,,
,-1309,72,-1560,mil_rare,,,,,,,
,-751,100,285,civ_common,,,,,,,
,-744,110,287,mil_common,,,,,,,
,-1656,77,-3326,mil_rare,,,,,,,
,-1658,68,-3329,mil_rare,,,,,,,
,1566,83,-3763,mil_epic,,,,,,,
,-2469,82,-440,food_common,,,,,,,
,1554,78,-3783,mil_epic,,,,,,,
,-2474,80,-452,food_common,,,,,,,
,521,120,-2412,pot_uncommon,,,,,,,
,-2643,74,-3750,mil_epic,,,,,,,
,-2473,78,-522,mil_uncommon,,,,,,,
,-2480,78,-515,civ_tool,,,,,,,
,-1276,58,0,mil_uncommon,,,,,,,
,63,31,-1612,pot_rare,,,,,,,
,55,31,-1612,pot_rare,,,,,,,
,59,30,-1612,mil_epic,,,,,,,
,2009,96,-3883,mil_epic,,,,,,,
,1441,104,-3706,mil_epic,,,,,,,
,1453,104,-3706,mil_epic,,,,,,,
,2010,152,-3831,mil_epic,,,,,,,
,-2478,73,-533,food_common,,,,,,,
,1068,74,-669,civ_common,,,,,,,
,1069,74,-660,food_common,,,,,,,
,1066,70,-669,food_common,,,,,,,
,1066,70,-659,civ_common,,,,,,,
,1071,70,-651,food_uncommon,,,,,,,
,1064,74,-648,civ_common,,,,,,,
,-2646,96,-3230,spire_water,,,,,,,
,-2646,96,-3202,spire_water,,,,,,,
,-64,64,521,mil_common,,,,,,,
,1061,69,-636,civ_tool,,,,,,,
,3245,78,-2561,food_common,,,,,,,
,3244,71,-2562,mil_uncommon,,,,,,,
,-63,64,500,civ_common,,,,,,,
,2709,75,-602,food_common,,,,,,,
,-2397,73,-3734,mil_epic,,,,,,,
,-2397,73,-3738,mil_epic,,,,,,,
,-2389,96,-3730,mil_epic,,,,,,,
,-59,62,468,food_common,,,,,,,
,1503,70,-613,mil_rare,,,,,,,
,-2387,59,-3717,mil_epic,,,,,,,
,-2391,63,-3724,mil_epic,,,,,,,
,632,29,-1804,food_uncommon,,,,,,,
,629,33,-1809,civ_common,,,,,,,
,635,37,-1810,mil_rare,,,,,,,
,-2397,73,-3679,mil_epic,,,,,,,
,-1088,67,-973,food_common,,,,,,,
,-1086,63,-999,mil_uncommon,,,,,,,
,-2399,63,-3709,mil_epic,,,,,,,
,-2397,63,-3711,mil_epic,,,,,,,
,2004,140,-3801,spire_earth,,,,,,,
,-2387,73,-3685,mil_epic,,,,,,,
,-2389,96,-3691,mil_epic,,,,,,,
,2008,51,-3812,mil_epic,,,,,,,
,2003,54,-3812,mil_epic,,,,,,,
,2007,132,-3768,mil_epic,,,,,,,
,2004,140,-3769,spire_earth,,,,,,,
,2012,30,-3784,mil_epic,,,,,,,
,2000,110,-3734,mil_epic,,,,,,,
,3618,103,-480,mil_common,,,,,,,
,3621,76,-521,civ_common,,,,,,,
,3244,83,-2523,pot_uncommon,,,,,,,
,3240,77,-2526,civ_common,,,,,,,
,3244,70,-2521,mil_uncommon,,,,,,,
,3617,90,-536,mil_uncommon,,,,,,,
,1592,70,-91,civ_common,,,,,,,
,2585,68,161,food_common,,,,,,,
,2584,68,174,food_common,,,,,,,
,2581,64,161,civ_common,,,,,,,
,2588,64,176,food_common,,,,,,,
,-411,77,-1540,food_uncommon,,,,,,,
,-411,71,-1541,mil_common,,,,,,,
,-3012,65,277,mil_common,,,,,,,
,-3009,66,285,food_common,,,,,,,
,3593,70,-461,food_common,,,,,,,
,-3100,30,-1996,civ_tool,,,,,,,
,3595,113,-467,mil_rare,,,,,,,
,3584,70,-466,food_common,,,,,,,
,3546,170,-2607,mil_rare,,,,,,,
,3543,141,-2601,food_rare,,,,,,,
,3591,71,-510,mil_common,,,,,,,
,3586,90,-524,mil_common,,,,,,,
,-3039,65,236,food_common,,,,,,,
,-3040,70,244,civ_common,,,,,,,
,-581,74,-1111,food_uncommon,,,,,,,
,-3038,65,283,food_common,,,,,,,
,-3040,65,275,food_common,,,,,,,
,2053,81,501,food_common,,,,,,,
,-3028,72,302,mil_common,,,,,,,
,-3035,65,302,tool_south,,,,,,,
,-3039,63,309,food_common,,,,,,,
,-1717,68,350,civ_common,,,,,,,
,-1721,73,346,food_common,,,,,,,
,-1717,10,341,mil_uncommon,,,,,,,
,-1725,11,344,mil_uncommon,,,,,,,
,-1717,11,350,mil_uncommon,,,,,,,
,-1725,10,349,mil_uncommon,,,,,,,
,-1719,72,333,mil_common,,,,,,,
,-1717,69,323,civ_common,,,,,,,
,-1717,73,335,food_common,,,,,,,
,-1714,51,373,mil_common,,,,,,,
,-2538,80,-1392,mil_uncommon,,,,,,,
,-1717,51,358,civ_common,,,,,,,
,-1723,70,355,food_common,,,,,,,
,-1169,78,-2878,mil_rare,,,,,,,
,-1719,72,475,civ_common,,,,,,,
,-1728,74,454,civ_common,,,,,,,
,-1718,72,448,mil_common,,,,,,,
,-1724,68,461,civ_common,,,,,,,
,-1720,72,457,food_common,,,,,,,
,-1713,73,457,food_common,,,,,,,
,-1720,74,404,food_common,,,,,,,
,-1713,72,400,civ_common,,,,,,,
,-1723,73,404,food_common,,,,,,,
,-1718,51,415,mil_common,,,,,,,
,-1713,72,397,civ_common,,,,,,,
,-1713,72,388,civ_common,,,,,,,
,-1723,68,389,food_common,,,,,,,
,-1718,73,441,civ_common,,,,,,,
,-1718,51,445,civ_common,,,,,,,
,-1723,73,441,mil_common,,,,,,,
,-1714,72,431,food_common,,,,,,,
,-1722,73,421,civ_common,,,,,,,
,-1720,75,424,civ_common,,,,,,,
,-1716,68,418,civ_common,,,,,,,
,-1723,66,524,civ_common,,,,,,,
,-1720,64,523,civ_common,,,,,,,
,865,20,-3377,mil_rare,,,,,,,
,-1726,68,509,food_common,,,,,,,
,747,32,-2188,mil_rare,,,,,,,
,742,20,-2217,food_uncommon,,,,,,,
,747,24,-2221,mil_rare,,,,,,,
,742,20,-2221,food_uncommon,,,,,,,
,747,26,-2210,civ_tool,,,,,,,
,747,55,-2212,mil_rare,,,,,,,
,-364,65,-6,mil_uncommon,,,,,,,
,-357,49,-9,mil_rare,,,,,,,
,-362,65,-11,mil_uncommon,,,,,,,
,-3160,59,-1941,mil_epic,,,,,,,
,-335,87,-409,mil_uncommon,,,,,,,
,-336,86,-415,food_common,,,,,,,
,-336,94,-387,civ_common,,,,,,,
,-333,106,-397,mil_uncommon,,,,,,,
,557,114,-3805,axismundi,,,,,,,
,-73,131,6,pot_uncommon,,,,,,,
,-336,76,-417,civ_common,,,,,,,
,-329,73,-432,mil_uncommon,,,,,,,
,1023,74,184,mil_common,,,,,,,
,-1269,68,288,food_common,,,,,,,
,747,26,-2230,mil_rare,,,,,,,
,746,21,-2228,food_uncommon,,,,,,,
,887,10,-1383,food_uncommon,,,,,,,
,895,16,-1382,food_uncommon,,,,,,,
,-1011,92,-537,mil_uncommon,,,,,,,
,-1018,92,-541,mil_uncommon,,,,,,,
,-1009,105,-535,mil_uncommon,,,,,,,
,-1009,105,-543,mil_uncommon,,,,,,,
,-1011,97,-533,mil_uncommon,,,,,,,
,-1018,88,-537,mil_common,,,,,,,
,-1012,88,-537,mil_common,,,,,,,
,-1012,92,-552,mil_uncommon,,,,,,,
,-1012,97,-553,mil_uncommon,,,,,,,
,-1010,115,-545,mil_rare,,,,,,,
,-1022,99,-547,mil_uncommon,,,,,,,
,-1018,89,-545,mil_common,,,,,,,
,557,114,-3869,axismundi,,,,,,,
,556,139,-3872,axismundi,,,,,,,
,1990,68,-1548,food_common,,,,,,,
,886,17,-1337,civ_tool,,,,,,,
,-1059,67,276,food_common,,,,,,,
,3241,67,218,food_common,,,,,,,
,3247,72,222,food_common,,,,,,,
,3239,72,218,tool_south,,,,,,,
,3244,68,235,food_common,,,,,,,
,3233,67,226,mil_common,,,,,,,
,3239,72,237,food_common,,,,,,,
,3245,62,231,pot_south,,,,,,,
,3244,77,225,tool_south,,,,,,,
,-2353,73,-2591,civ_common,,,,,,,
,2908,75,-1329,mil_uncommon,,,,,,,
,-2357,73,-2545,food_uncommon,,,,,,,
,2910,69,-1366,civ_tool,,,,,,,
,2910,68,-1373,food_uncommon,,,,,,,
,2907,74,-1360,mil_uncommon,,,,,,,
,2906,68,-1359,food_common,,,,,,,
,3893,68,145,food_common,,,,,,,
,59,23,-1097,food_uncommon,,,,,,,
,55,22,-1099,mil_epic,,,,,,,
,1545,64,-671,food_uncommon,,,,,,,
,60,27,-1068,food_uncommon,,,,,,,
,55,32,-1066,mil_epic,,,,,,,
,1543,64,-681,food_uncommon,,,,,,,
,1546,68,-681,mil_uncommon,,,,,,,
,1545,72,-681,mil_uncommon,,,,,,,
,-356,63,454,food_common,,,,,,,
,-836,120,-3587,mil_rare,,,,,,,
,-1259,68,291,food_common,,,,,,,
,3432,70,-5,mil_common,,,,,,,
,-1600,69,-3336,food_uncommon,,,,,,,
,-1598,74,-3331,civ_tool,,,,,,,
,-1593,79,-3329,mil_rare,,,,,,,
,2125,88,-3779,mil_epic,,,,,,,
,-1587,74,-3328,food_uncommon,,,,,,,
,-1404,39,-2016,mil_uncommon,,,,,,,
,1282,72,-617,food_uncommon,,,,,,,
,576,37,-1807,mil_epic,,,,,,,
,581,22,-1789,mil_rare,,,,,,,
,-1068,67,323,tool_south,,,,,,,
,581,20,-1820,mil_rare,,,,,,,
,-149,81,-3333,civ_tool,,,,,,,
,-151,74,-3329,mil_epic,,,,,,,
,-1394,27,-1979,mil_rare,,,,,,,
,1022,71,-10,civ_tool,,,,,,,
,2355,109,-1879,mil_epic,,,,,,,
,-1063,67,309,civ_common,,,,,,,
,-1068,67,316,pot_south,,,,,,,
,2365,96,-1813,food_uncommon,,,,,,,
,2364,95,-1824,mil_epic,,,,,,,
,2365,96,-1834,civ_common,,,,,,,
,3291,71,-2479,food_common,,,,,,,
,-148,76,-3360,mil_rare,,,,,,,
,1987,70,-880,food_uncommon,,,,,,,
,3284,73,-2527,civ_common,,,,,,,
,1995,70,-884,food_uncommon,,,,,,,
,3281,74,-2530,mil_uncommon,,,,,,,
,3290,77,-2488,mil_rare,,,,,,,
,1539,69,-807,mil_rare,,,,,,,
,50,29,-1552,food_uncommon,,,,,,,
,2225,81,-2938,mil_rare,,,,,,,
,3432,74,14,civ_tool,,,,,,,
,662,40,-961,mil_rare,,,,,,,
,78,27,-1080,food_uncommon,,,,,,,
,657,40,-957,food_uncommon,,,,,,,
,66,32,-1059,mil_rare,,,,,,,
,79,20,-1099,mil_rare,,,,,,,
,517,140,-316,food_common,,,,,,,
,341,65,-2250,food_uncommon,,,,,,,
,345,65,-2249,food_uncommon,,,,,,,
,341,72,-2252,mil_rare,,,,,,,
,403,62,-1230,mil_rare,,,,,,,
,407,73,-1200,civ_common,,,,,,,
,-369,71,-1568,mil_common,,,,,,,
,-2,82,-1945,food_uncommon,,,,,,,
,-377,76,-1571,civ_common,,,,,,,
,2226,81,-2966,mil_rare,,,,,,,
,-2801,63,-707,food_uncommon,,,,,,,
,2236,76,-2945,food_uncommon,,,,,,,
,2236,87,-2949,mil_rare,,,,,,,
,2231,64,-2957,mil_epic,,,,,,,
,2239,54,-2952,mil_epic,,,,,,,
,2238,59,-2950,mil_rare,,,,,,,
,-2803,63,-698,civ_common,,,,,,,
,68,23,-1122,mil_rare,,,,,,,
,2016,75,-936,mil_uncommon,,,,,,,
,-2816,64,-755,civ_tool,,,,,,,
,671,34,-1116,food_rare,,,,,,,
,1272,71,-405,civ_tool,,,,,,,
,1274,74,-413,civ_common,,,,,,,
,-1424,82,290,mil_common,,,,,,,
,-2994,71,-3285,civ_common,,,,,,,
,126,66,148,mil_common,,,,,,,
,-1032,67,286,mil_common,,,,,,,
,-1037,68,309,civ_common,,,,,,,
,-1028,67,314,pot_south,,,,,,,
,2474,67,438,tool_south,,,,,,,
,-2683,77,-2799,civ_tool,,,,,,,
,2473,66,460,mil_common,,,,,,,
,-2683,41,-2815,civ_tool,,,,,,,
,-2683,73,-2802,mil_rare,,,,,,,
,-2677,54,-2808,mil_rare,,,,,,,
,-2681,46,-2812,mil_epic,,,,,,,
,-2150,100,-1786,pot_rare,,,,,,,
,-1762,72,-2998,mil_rare,,,,,,,
,-1762,72,-2996,mil_rare,,,,,,,
,1118,8,-1617,mil_uncommon,,,,,,,
,3212,67,225,mil_common,,,,,,,
,3215,67,217,civ_common,,,,,,,
,-2417,73,-2604,pot_uncommon,,,,,,,
,-2683,38,-2826,civ_tool,,,,,,,
,-2685,54,-2832,mil_rare,,,,,,,
,-2684,58,-2824,mil_rare,,,,,,,
,-2683,72,-2836,civ_tool,,,,,,,
,3840,210,-3845,mil_rare,,,,,,,
,3848,210,-3833,mil_rare,,,,,,,
,66,29,-1531,civ_common,,,,,,,
,68,40,-1570,mil_epic,,,,,,,
,-2092,70,-1306,mil_uncommon,,,,,,,
,-9,83,-1871,food_common,,,,,,,
,-2081,70,-1270,mil_rare,,,,,,,
,-12,94,-1899,pot_uncommon,,,,,,,
,3853,211,-3821,mil_epic,,,,,,,
,1395,41,-2232,mil_rare,,,,,,,
,1393,82,-2231,food_uncommon,,,,,,,
,350,74,-2217,mil_rare,,,,,,,
,-1092,72,-929,mil_uncommon,,,,,,,
,-288,83,-2612,mil_uncommon,,,,,,,
,1774,81,463,mil_common,,,,,,,
,1765,81,454,mil_common,,,,,,,
,3399,68,-4,mil_common,,,,,,,
,1765,81,467,mil_common,,,,,,,
,1775,85,428,food_common,,,,,,,
,1765,80,392,civ_common,,,,,,,
,1774,80,408,civ_common,,,,,,,
,1765,85,365,civ_common,,,,,,,
,1761,91,359,mil_common,,,,,,,
,1772,67,380,civ_common,,,,,,,
,1774,78,383,civ_common,,,,,,,
,1506,70,-613,mil_uncommon,,,,,,,
,-1098,64,-1008,food_uncommon,,,,,,,
,-1102,69,-1007,mil_rare,,,,,,,
,1395,78,-2213,mil_epic,,,,,,,
,1400,82,-2224,food_uncommon,,,,,,,
,-1091,67,-963,food_common,,,,,,,
,1751,86,490,mil_common,,,,,,,
,1745,73,485,civ_common,,,,,,,
,1751,81,491,tool_south,,,,,,,
,783,81,-3478,pot_rare,,,,,,,
,772,67,-3484,mil_epic,,,,,,,
,776,75,-3483,mil_rare,,,,,,,
,1749,87,428,civ_common,,,,,,,
,1753,93,423,civ_common,,,,,,,
,-2836,33,-1464,civ_tool,,,,,,,
,-2845,41,-1466,civ_tool,,,,,,,
,1750,73,436,mil_common,,,,,,,
,1757,81,453,mil_common,,,,,,,
,1699,55,-2214,mil_rare,,,,,,,
,1754,80,465,tool_south,,,,,,,
,1704,44,-2189,mil_rare,,,,,,,
,92,66,161,civ_common,,,,,,,
,-2466,73,-3738,mil_epic,,,,,,,
,3155,125,-544,civ_tool,,,,,,,
,-654,65,429,civ_common,,,,,,,
,1753,91,358,civ_common,,,,,,,
,1754,82,386,civ_common,,,,,,,
,1747,80,411,food_common,,,,,,,
,3163,137,-566,food_uncommon,,,,,,,
,472,43,-2100,civ_tool,,,,,,,
,476,17,-2098,mil_epic,,,,,,,
,3723,188,-3748,mil_epic,,,,,,,
,3722,188,-3754,mil_epic,,,,,,,
,3727,204,-3747,mil_epic,,,,,,,
,472,29,-2090,mil_rare,,,,,,,
,3726,210,-3713,mil_rare,,,,,,,
,3714,197,-3728,mil_epic,,,,,,,
,-2814,63,-263,food_common,,,,,,,
,3724,197,-3734,mil_rare,,,,,,,
,3720,203,-3735,mil_epic,,,,,,,
,3721,210,-3692,mil_rare,,,,,,,
,3724,215,-3694,mil_epic,,,,,,,
,3723,210,-3708,mil_epic,,,,,,,
,-313,75,-2667,mil_rare,,,,,,,
,-315,71,-2669,mil_uncommon,,,,,,,
,-505,77,-1107,civ_common,,,,,,,
,-508,77,-1110,civ_common,,,,,,,
,3719,210,-3678,mil_rare,,,,,,,
,-1026,68,251,civ_common,,,,,,,
,-1035,68,250,civ_common,,,,,,,
,1142,21,-1585,mil_rare,,,,,,,
,1140,10,-1597,food_uncommon,,,,,,,
,-278,61,-2106,civ_common,,,,,,,
,-280,61,-2106,civ_tool,,,,,,,
,-281,61,-2108,food_common,,,,,,,
,1769,81,528,pot_south,,,,,,,
,1773,82,532,pot_south,,,,,,,
,3724,197,-3825,mil_epic,,,,,,,
,3721,197,-3851,mil_rare,,,,,,,
,3722,203,-3846,mil_epic,,,,,,,
,671,29,-1459,food_uncommon,,,,,,,
,3638,121,-2396,civ_common,,,,,,,
,-371,54,-461,mil_rare,,,,,,,
,-373,73,-436,mil_uncommon,,,,,,,
,3921,122,-2921,mil_rare,,,,,,,
,314,74,-2213,mil_rare,,,,,,,
,-370,87,-387,mil_uncommon,,,,,,,
,-369,76,-417,food_common,,,,,,,
,-373,74,-428,food_common,,,,,,,
,-317,66,-2625,food_uncommon,,,,,,,
,-316,73,-2632,mil_rare,,,,,,,
,-370,101,-402,mil_uncommon,,,,,,,
,3426,80,35,civ_common,,,,,,,
,3435,68,34,civ_common,,,,,,,
,3427,67,45,civ_tool,,,,,,,
,3427,75,40,mil_common,,,,,,,
,3428,69,44,mil_common,,,,,,,
,3436,67,45,mil_common,,,,,,,
,3436,80,21,mil_common,,,,,,,
,3428,68,16,food_common,,,,,,,
,3434,96,19,mil_common,,,,,,,
,3436,76,29,civ_tool,,,,,,,
,3430,96,19,mil_common,,,,,,,
,-131,63,504,civ_common,,,,,,,
,3714,197,-3811,mil_rare,,,,,,,
,703,29,-1130,civ_common,,,,,,,
,-74,65,476,mil_common,,,,,,,
,435,40,-1641,mil_rare,,,,,,,
,438,118,-1638,mil_rare,,,,,,,
,435,138,-1643,mil_uncommon,,,,,,,
,433,138,-1660,mil_rare,,,,,,,
,433,127,-1660,mil_uncommon,,,,,,,
,523,114,-3862,axismundi,,,,,,,
,2268,49,-2966,mil_rare,,,,,,,
,2271,49,-2963,mil_rare,,,,,,,
,2264,81,-2965,mil_rare,,,,,,,
,2257,64,-2972,civ_tool,,,,,,,
,3630,75,372,mil_common,,,,,,,
,2259,54,-2951,mil_epic,,,,,,,
,2260,59,-2953,mil_rare,,,,,,,
,3628,69,391,food_common,,,,,,,
,2264,81,-2938,mil_rare,,,,,,,
,444,38,-1624,civ_tool,,,,,,,
,444,38,-1631,civ_tool,,,,,,,
,2257,65,-2921,mil_rare,,,,,,,
,-1819,60,463,mil_common,,,,,,,
,-1814,61,450,tool_south,,,,,,,
,693,32,-984,civ_tool,,,,,,,
,2344,159,-1927,mil_epic,,,,,,,
,-1810,51,439,mil_common,,,,,,,
,-1820,63,472,mil_common,,,,,,,
,831,26,-1348,civ_tool,,,,,,,
,-2667,66,-1376,civ_common,,,,,,,
,-2668,66,-1382,food_uncommon,,,,,,,
,-2672,72,-1391,mil_uncommon,,,,,,,
,830,46,-1381,mil_rare,,,,,,,
,830,42,-1391,mil_rare,,,,,,,
,-296,67,-2704,mil_rare,,,,,,,
,-292,76,-2696,mil_uncommon,,,,,,,
,829,44,-1405,mil_rare,,,,,,,
,-2770,68,-263,pot_common,,,,,,,
,-2770,68,-271,pot_common,,,,,,,
,-2770,68,-267,pot_common,,,,,,,
,-294,83,-2625,mil_rare,,,,,,,
,699,35,-1084,pot_uncommon,,,,,,,
,1743,95,-1201,mil_uncommon,,,,,,,
,-292,93,-2612,mil_rare,,,,,,,
,382,50,-1243,mil_rare,,,,,,,
,901,73,443,food_common,,,,,,,
,907,66,436,civ_common,,,,,,,
,907,73,437,civ_common,,,,,,,
,909,66,392,mil_common,,,,,,,
,60,75,71,food_common,,,,,,,
,-1813,76,326,civ_common,,,,,,,
,-1813,77,361,mil_common,,,,,,,
,-1813,76,352,mil_common,,,,,,,
,-1812,77,355,civ_common,,,,,,,
,-1813,51,358,civ_common,,,,,,,
,52,65,101,mil_common,,,,,,,
,61,66,106,mil_common,,,,,,,
,-3062,39,-1622,civ_tool,,,,,,,
,62,75,84,civ_tool,,,,,,,
,52,66,85,mil_common,,,,,,,
,-1821,78,342,civ_common,,,,,,,
,-1810,51,343,civ_common,,,,,,,
,-1821,79,344,civ_common,,,,,,,
,523,114,-3812,axismundi,,,,,,,
,54,74,135,civ_tool,,,,,,,
,55,66,137,pot_common,,,,,,,
,-1819,51,394,mil_common,,,,,,,
,-3068,38,-1649,pot_common,,,,,,,
,-3068,47,-1663,food_common,,,,,,,
,57,74,113,mil_common,,,,,,,
,53,66,123,mil_common,,,,,,,
,-1824,76,382,mil_common,,,,,,,
,-1821,77,426,mil_common,,,,,,,
,-1819,51,418,civ_common,,,,,,,
,-1818,75,420,civ_common,,,,,,,
,523,139,-3800,axismundi,,,,,,,
,59,67,152,food_common,,,,,,,
,-1809,76,408,civ_common,,,,,,,
,-1811,72,415,civ_common,,,,,,,
,-1818,76,406,civ_common,,,,,,,
,-1823,76,400,food_common,,,,,,,
,-1824,78,415,civ_common,,,,,,,
,2345,127,-1890,pot_uncommon,,,,,,,
,107,33,-1494,pot_uncommon,,,,,,,
,110,32,-1502,mil_epic,,,,,,,
,2346,159,-1872,mil_epic,,,,,,,
,-2925,64,283,tool_south,,,,,,,
,3133,98,-13,mil_common,,,,,,,
,109,29,-1569,mil_epic,,,,,,,
,99,37,-1557,mil_rare,,,,,,,
,3123,82,-33,food_common,,,,,,,
,3128,82,-35,food_common,,,,,,,
,3131,98,-19,mil_common,,,,,,,
,447,30,-2021,mil_epic,,,,,,,
,442,42,-2039,mil_epic,,,,,,,
,-1818,74,500,pot_south,,,,,,,
,-1810,74,500,pot_south,,,,,,,
,-1821,89,489,civ_common,,,,,,,
,-1819,101,486,civ_common,,,,,,,
,-1809,105,487,mil_common,,,,,,,
,-1814,105,492,mil_common,,,,,,,
,-1819,105,487,mil_common,,,,,,,
,-1824,69,529,food_common,,,,,,,
,-1819,66,531,food_common,,,,,,,
,-1813,70,532,mil_common,,,,,,,
,-2772,65,-218,food_common,,,,,,,
,434,42,-2054,mil_epic,,,,,,,
,254,124,-3883,dungeon_t3,,,,,,,
,254,124,-3881,dungeon_t3,,,,,,,
,253,124,-3880,dungeon_t3,,,,,,,
,253,124,-3884,dungeon_t3,,,,,,,
,249,124,-3884,dungeon_t3,,,,,,,
,249,124,-3880,dungeon_t3,,,,,,,
,250,124,-3882,dungeon_t3,,,,,,,
,252,124,-3882,dungeon_t3,,,,,,,
,-3029,71,-3574,food_uncommon,,,,,,,
,437,42,-2067,mil_rare,,,,,,,
,438,42,-2090,mil_rare,,,,,,,
,-381,64,20,mil_common,,,,,,,
,-71,65,491,civ_common,,,,,,,
,-76,64,516,food_common,,,,,,,
,-2121,71,-1252,mil_uncommon,,,,,,,
,-1537,180,-3803,mil_epic,,,,,,,
,-1332,80,-1547,mil_rare,,,,,,,
,-3194,67,-34,civ_common,,,,,,,
,-3193,75,-39,civ_common,,,,,,,
,-3187,89,-36,mil_uncommon,,,,,,,
,-3193,83,-40,food_common,,,,,,,
,-3195,89,-39,food_common,,,,,,,
,-3191,66,-34,civ_common,,,,,,,
,598,28,-1859,mil_epic,,,,,,,
,600,22,-1862,mil_epic,,,,,,,
,-531,73,-1076,civ_common,,,,,,,
,-1537,169,-3840,mil_epic,,,,,,,
,-1537,193,-3832,mil_epic,,,,,,,
,2053,64,-434,food_common,,,,,,,
,1297,48,-2732,pot_uncommon,,,,,,,
,2059,64,-451,civ_tool,,,,,,,
,2055,64,-403,civ_common,,,,,,,
,2063,64,-405,food_uncommon,,,,,,,
,2052,64,-415,civ_common,,,,,,,
,1576,82,-3735,mil_epic,,,,,,,
,1570,82,-3730,mil_epic,,,,,,,
,2057,64,-423,civ_tool,,,,,,,
,2053,64,-420,mil_common,,,,,,,
,2058,67,-430,food_common,,,,,,,
,2058,64,-420,food_common,,,,,,,
,2053,64,-425,civ_common,,,,,,,
,607,15,-1846,mil_epic,,,,,,,
,603,27,-1854,mil_rare,,,,,,,
,595,41,-1841,mil_epic,,,,,,,
,601,18,-1797,mil_epic,,,,,,,
,2057,65,-388,mil_uncommon,,,,,,,
,665,67,-555,mil_uncommon,,,,,,,
,656,67,-542,food_uncommon,,,,,,,
,665,77,-530,civ_tool,,,,,,,
,658,72,-534,food_uncommon,,,,,,,
,3195,143,-562,mil_rare,,,,,,,
,3197,120,-526,civ_common,,,,,,,
,-2662,79,-2810,mil_rare,,,,,,,
,-2659,77,-2801,mil_rare,,,,,,,
,-2672,64,-2825,mil_rare,,,,,,,
,-781,35,-1967,mil_epic,,,,,,,
,2531,71,536,civ_common,,,,,,,
,-769,48,-1987,mil_epic,,,,,,,
,-775,29,-1994,mil_epic,,,,,,,
,2540,68,503,civ_common,,,,,,,
,-782,35,-1972,mil_epic,,,,,,,
,2540,69,527,civ_common,,,,,,,
,2532,73,521,pot_south,,,,,,,
,2542,73,526,food_common,,,,,,,
,2534,75,521,pot_south,,,,,,,
,713,65,253,civ_common,,,,,,,
,716,69,251,mil_common,,,,,,,
,716,73,252,mil_common,,,,,,,
,718,65,261,food_common,,,,,,,
,-1010,127,-3606,mil_epic,,,,,,,
,-1010,119,-3605,mil_epic,,,,,,,
,-1010,106,-3616,mil_epic,,,,,,,
,-1010,102,-3558,mil_rare,,,,,,,
,-1010,106,-3559,mil_rare,,,,,,,
,2529,66,488,civ_common,,,,,,,
,2540,68,493,mil_common,,,,,,,
,2535,68,492,mil_common,,,,,,,
,2534,72,489,civ_common,,,,,,,
,-1023,107,-3592,mil_rare,,,,,,,
,-2804,32,-1452,mil_rare,,,,,,,
,-2660,65,-2790,mil_rare,,,,,,,
,-2805,26,-1479,mil_rare,,,,,,,
,-2815,4,-1513,mil_rare,,,,,,,
,700,30,-1489,mil_epic,,,,,,,
,2540,70,469,civ_common,,,,,,,
,2529,70,465,civ_common,,,,,,,
,2537,72,476,civ_common,,,,,,,
,3128,83,4,civ_tool,,,,,,,
,3135,116,9,mil_uncommon,,,,,,,
,3135,100,2,mil_common,,,,,,,
,-2827,82,-2158,mil_rare,,,,,,,
,-2817,76,-2157,mil_epic,,,,,,,
,-2827,82,-2176,mil_uncommon,,,,,,,
,3135,87,17,mil_uncommon,,,,,,,
,2499,108,-1934,mil_rare,,,,,,,
,2537,64,429,civ_common,,,,,,,
,-2832,71,-2107,mil_uncommon,,,,,,,
,99,70,-911,food_common,,,,,,,
,702,28,-1541,mil_rare,,,,,,,
,-2828,71,-2134,mil_uncommon,,,,,,,
,-293,81,-2714,mil_rare,,,,,,,
,-2824,67,-2073,mil_uncommon,,,,,,,
,-1082,79,158,food_common,,,,,,,
,-1082,74,156,mil_common,,,,,,,
,657,142,-219,spire_fire,,,,,,,
,668,87,-223,mil_common,,,,,,,
,-1299,68,-530,mil_uncommon,,,,,,,
,-1307,68,-492,mil_common,,,,,,,
,-1304,68,-501,mil_uncommon,,,,,,,
,668,87,-165,mil_uncommon,,,,,,,
,657,142,-169,spire_fire,,,,,,,
,-100,59,-2482,food_common,,,,,,,
,1862,48,-2717,mil_rare,,,,,,,
,1861,89,-2712,mil_rare,,,,,,,
,1856,58,-2725,pot_uncommon,,,,,,,
,-533,71,-1129,civ_tool,,,,,,,
,-544,71,-1131,food_uncommon,,,,,,,
,-541,75,-1124,civ_common,,,,,,,
,-1304,68,-545,mil_common,,,,,,,
,-755,105,278,mil_common,,,,,,,
,-754,110,277,mil_common,,,,,,,
,-763,100,292,food_common,,,,,,,
,-754,105,297,mil_common,,,,,,,
,-754,110,297,mil_common,,,,,,,
,1699,71,-872,food_common,,,,,,,
,1702,75,-870,mil_uncommon,,,,,,,
,1710,71,-873,mil_common,,,,,,,
,-1679,68,415,food_common,,,,,,,
,-1670,70,405,civ_common,,,,,,,
,-1679,72,412,food_common,,,,,,,
,-1672,72,407,mil_common,,,,,,,
,-1677,68,423,civ_common,,,,,,,
,-1673,70,378,food_common,,,,,,,
,-1672,73,369,civ_common,,,,,,,
,-1668,68,394,mil_common,,,,,,,
,-1671,72,394,civ_common,,,,,,,
,3880,196,-3789,mil_rare,,,,,,,
,3884,234,-3789,mil_epic,,,,,,,
,2840,68,-866,food_common,,,,,,,
,2832,69,-877,civ_common,,,,,,,
,3872,184,-3795,mil_rare,,,,,,,
,-2962,65,232,food_common,,,,,,,
,-2968,65,236,civ_common,,,,,,,
,712,57,-2809,pot_uncommon,,,,,,,
,752,20,-2221,civ_common,,,,,,,
,752,20,-2217,civ_tool,,,,,,,
,960,74,-413,food_common,,,,,,,
,498,18,-1668,mil_epic,,,,,,,
,499,35,-1684,food_uncommon,,,,,,,
,1987,43,-3724,pot_uncommon,,,,,,,
,1995,89,-3805,mil_epic,,,,,,,
,1988,140,-3785,spire_earth,,,,,,,
,-2636,73,-1423,food_common,,,,,,,
,1616,81,-3128,civ_common,,,,,,,
,1626,83,-3088,civ_common,,,,,,,
,1629,81,-3103,mil_common,,,,,,,
,75,24,-2727,mil_rare,,,,,,,
,68,17,-2726,mil_epic,,,,,,,
,2384,64,-2794,civ_tool,,,,,,,
,1624,84,-3059,civ_common,,,,,,,
,1619,69,-3059,mil_epic,,,,,,,
,1616,84,-3072,civ_common,,,,,,,
,-1860,91,351,mil_common,,,,,,,
,-1858,51,349,civ_common,,,,,,,
,-1862,74,415,civ_common,,,,,,,
,-1860,77,414,civ_common,,,,,,,
,-1863,77,398,civ_common,,,,,,,
,65,18,-2717,mil_epic,,,,,,,
,2598,64,175,civ_common,,,,,,,
,-1868,77,420,mil_common,,,,,,,
,893,76,101,civ_tool,,,,,,,
,-1283,58,0,civ_tool,,,,,,,
,981,81,-2560,civ_tool,,,,,,,
,976,81,-2571,civ_tool,,,,,,,
,984,82,-2580,civ_tool,,,,,,,
,983,85,-2588,mil_rare,,,,,,,
,-2625,65,-3195,mil_rare,,,,,,,
,-2632,96,-3216,mil_epic,,,,,,,
,-2625,65,-3237,mil_rare,,,,,,,
,-2498,78,-1968,mil_uncommon,,,,,,,
,-2512,73,-1966,civ_tool,,,,,,,
,2388,96,-1811,civ_common,,,,,,,
,1073,19,-1599,mil_uncommon,,,,,,,
,696,68,-537,civ_common,,,,,,,
,695,73,-543,mil_uncommon,,,,,,,
,697,73,-543,mil_uncommon,,,,,,,
,700,72,-539,mil_uncommon,,,,,,,
,692,72,-539,mil_uncommon,,,,,,,
,2391,96,-1834,food_uncommon,,,,,,,
,-1584,68,-1999,civ_common,,,,,,,
,-1581,73,-2001,food_uncommon,,,,,,,
,2307,63,-3279,food_common,,,,,,,
,720,71,-579,mil_common,,,,,,,
,1006,42,-1569,mil_rare,,,,,,,
,3703,69,360,mil_common,,,,,,,
,-1188,101,-1057,mil_rare,,,,,,,
,843,67,391,food_common,,,,,,,
,551,36,-1631,mil_rare,,,,,,,
,312,76,452,food_common,,,,,,,
,484,10,-1223,pot_rare,,,,,,,
,-2661,72,-1453,mil_uncommon,,,,,,,
,-2657,89,-1462,mil_rare,,,,,,,
,-2657,66,-1462,mil_uncommon,,,,,,,
,-2662,73,-1457,mil_uncommon,,,,,,,
,-2667,88,-1462,mil_uncommon,,,,,,,
,-2199,72,59,civ_tool,,,,,,,
,-2206,68,61,food_common,,,,,,,
,3822,197,-3809,mil_epic,,,,,,,
,3817,197,-3818,mil_rare,,,,,,,
,-2199,72,64,civ_tool,,,,,,,
,-2048,68,-3314,food_uncommon,,,,,,,
,-2048,77,-3315,food_uncommon,,,,,,,
,3189,100,9,mil_uncommon,,,,,,,
,239,23,-1977,mil_rare,,,,,,,
,239,65,-1969,mil_rare,,,,,,,
,697,142,-219,spire_fire,,,,,,,
,702,142,-214,spire_fire,,,,,,,
,3808,199,-3747,pot_common,,,,,,,
,232,35,-1960,mil_epic,,,,,,,
,230,48,-1962,mil_rare,,,,,,,
,239,43,-1954,mil_epic,,,,,,,
,235,19,-1961,mil_rare,,,,,,,
,3822,197,-3765,mil_epic,,,,,,,
,235,21,-1939,mil_epic,,,,,,,
,697,142,-169,spire_fire,,,,,,,
,702,142,-174,spire_fire,,,,,,,
,234,21,-1936,mil_epic,,,,,,,
,-1491,171,-3766,mil_epic,,,,,,,
,1989,52,-3868,mil_rare,,,,,,,
,3719,70,-283,civ_tool,,,,,,,
,3713,75,-279,civ_common,,,,,,,
,-2665,72,-1393,civ_common,,,,,,,
,-2659,69,-1403,food_common,,,,,,,
,-2670,67,-1420,civ_common,,,,,,,
,-2660,68,-1418,mil_uncommon,,,,,,,
,-2668,73,-1415,food_common,,,,,,,
,-2661,74,-1410,civ_common,,,,,,,
,-2126,72,-326,food_common,,,,,,,
,735,39,-1130,mil_uncommon,,,,,,,
,3723,68,-291,food_common,,,,,,,
,3719,77,-292,food_uncommon,,,,,,,
,-3305,76,-1258,food_uncommon,,,,,,,
,-3305,70,-1258,civ_tool,,,,,,,
,-3306,81,-1263,food_common,,,,,,,
,-3301,64,-1258,food_common,,,,,,,
,-3299,81,-1256,civ_common,,,,,,,
,3808,203,-3829,mil_epic,,,,,,,
,3820,215,-3845,mil_epic,,,,,,,
,3817,210,-3844,mil_epic,,,,,,,
,3815,210,-3850,mil_epic,,,,,,,
,3815,210,-3869,mil_epic,,,,,,,
,2466,177,-3494,mil_epic,,,,,,,
,-571,66,441,civ_common,,,,,,,
,2470,87,-3486,mil_rare,,,,,,,
,2469,68,-3476,mil_rare,,,,,,,
,3900,69,-542,pot_common,,,,,,,
,2468,76,-3467,mil_rare,,,,,,,
,3755,111,-1457,food_uncommon,,,,,,,
,2467,62,-3454,civ_tool,,,,,,,
,3900,73,-578,pot_common,,,,,,,
,-919,68,-1409,civ_tool,,,,,,,
,-915,68,-1409,mil_uncommon,,,,,,,
,-3298,74,-1270,civ_common,,,,,,,
,-3298,64,-1266,food_common,,,,,,,
,-788,32,-1969,mil_epic,,,,,,,
,-798,33,-1984,mil_epic,,,,,,,
,-799,39,-1984,mil_epic,,,,,,,
,-794,25,-1984,mil_epic,,,,,,,
,-653,110,-376,mil_rare,,,,,,,
,-653,110,-374,pot_common,,,,,,,
,-2796,112,-3559,pot_rare,,,,,,,
,-2797,93,-3558,mil_epic,,,,,,,
,-2798,100,-3558,mil_epic,,,,,,,
,-2800,112,-3553,mil_epic,,,,,,,
,2043,90,-3823,mil_epic,,,,,,,
,2032,30,-3795,mil_epic,,,,,,,
,2039,152,-3789,mil_epic,,,,,,,
,2032,31,-3781,mil_epic,,,,,,,
,2038,144,-3762,mil_epic,,,,,,,
,-968,192,-3826,mil_epic,,,,,,,
,2477,64,-3432,mil_rare,,,,,,,
,1030,74,-49,civ_common,,,,,,,
,1028,69,-50,civ_common,,,,,,,
,1028,68,-61,mil_common,,,,,,,
,1030,79,-50,civ_common,,,,,,,
,1026,74,-57,mil_common,,,,,,,
,1036,69,-59,mil_common,,,,,,,
,316,56,-1277,mil_rare,,,,,,,
,1477,104,-3706,mil_rare,,,,,,,
,1687,80,400,mil_common,,,,,,,
,1685,81,359,tool_south,,,,,,,
,1694,85,366,tool_south,,,,,,,
,-1077,79,161,food_common,,,,,,,
,-1078,74,168,mil_common,,,,,,,
,1474,125,-3785,civ_tool,,,,,,,
,1693,81,442,civ_common,,,,,,,
,-1080,68,268,tool_south,,,,,,,
,-1078,65,317,tool_south,,,,,,,
,-1083,69,289,food_common,,,,,,,
,2036,147,-3870,pot_rare,,,,,,,
,2036,137,-3865,mil_epic,,,,,,,
,2046,35,-3851,mil_rare,,,,,,,
,2038,159,-3841,mil_epic,,,,,,,
,2047,159,-3828,mil_epic,,,,,,,
,18,82,-1952,civ_common,,,,,,,
,2748,75,-553,civ_common,,,,,,,
,2742,79,-600,mil_uncommon,,,,,,,
,2749,74,-594,food_common,,,,,,,
,2743,85,-540,mil_uncommon,,,,,,,
,1608,81,-446,mil_uncommon,,,,,,,
,-363,66,-1615,mil_uncommon,,,,,,,
,-363,77,-1598,civ_common,,,,,,,
,-367,72,-1598,civ_common,,,,,,,
,2740,85,-613,mil_uncommon,,,,,,,
,3266,109,-534,civ_tool,,,,,,,
,-2847,84,-997,food_common,,,,,,,
,-2843,118,-1028,food_rare,,,,,,,
,3266,108,-561,civ_common,,,,,,,
,-2846,84,-974,food_common,,,,,,,
,1030,16,-2970,food_uncommon,,,,,,,
,1027,30,-2967,food_rare,,,,,,,
,-1526,82,-1996,mil_uncommon,,,,,,,
,545,16,-1828,mil_epic,,,,,,,
,555,16,-1845,mil_rare,,,,,,,
,548,25,-1858,mil_rare,,,,,,,
,554,26,-1863,mil_rare,,,,,,,
,-2596,67,-1389,food_uncommon,,,,,,,
,-2593,77,-1406,mil_uncommon,,,,,,,
,-2597,81,-1405,mil_uncommon,,,,,,,
,653,96,551,mil_common,,,,,,,
,650,73,555,food_common,,,,,,,
,-1740,73,317,civ_common,,,,,,,
,-1729,69,316,food_common,,,,,,,
,-469,71,-1658,food_uncommon,,,,,,,
,-467,76,-1654,civ_common,,,,,,,
,-976,165,-3875,mil_epic,,,,,,,
,-968,231,-3877,mil_epic,,,,,,,
,-968,225,-3888,pot_rare,,,,,,,
,-964,181,-3875,mil_epic,,,,,,,
,-968,231,-3899,mil_epic,,,,,,,
,-3043,75,233,mil_common,,,,,,,
,3688,117,-1232,mil_rare,,,,,,,
,3684,87,-1217,mil_rare,,,,,,,
,-1736,70,352,food_common,,,,,,,
,-1738,51,367,mil_common,,,,,,,
,-1729,74,360,mil_common,,,,,,,
,-1730,73,364,mil_common,,,,,,,
,-1732,69,336,mil_common,,,,,,,
,-1738,73,349,civ_common,,,,,,,
,-1732,51,343,mil_common,,,,,,,
,-1744,51,385,civ_common,,,,,,,
,-1739,10,383,tool_south,,,,,,,
,3765,197,-3738,mil_epic,,,,,,,
,-1742,69,328,food_common,,,,,,,
,-1742,73,331,mil_common,,,,,,,
,-500,66,451,civ_common,,,,,,,
,72,78,-1865,food_uncommon,,,,,,,
,3774,185,-3679,mil_rare,,,,,,,
,3761,184,-3672,mil_rare,,,,,,,
,3773,197,-3720,mil_epic,,,,,,,
,-1741,75,420,civ_common,,,,,,,
,-1729,51,430,civ_common,,,,,,,
,2092,80,506,mil_common,,,,,,,
,-1729,51,406,mil_common,,,,,,,
,-1732,51,415,mil_common,,,,,,,
,-1730,72,410,mil_common,,,,,,,
,-1736,73,454,civ_common,,,,,,,
,-1742,71,462,civ_common,,,,,,,
,-1733,69,458,civ_common,,,,,,,
,-1732,51,451,mil_common,,,,,,,
,-1737,73,446,food_common,,,,,,,
,-1735,68,440,civ_common,,,,,,,
,-1755,74,315,food_common,,,,,,,
,3240,146,-3526,mil_rare,,,,,,,
,64,83,-1925,civ_common,,,,,,,
,-1756,51,355,mil_common,,,,,,,
,-1747,51,358,civ_common,,,,,,,
,-1760,71,358,civ_common,,,,,,,
,-1752,76,353,tool_south,,,,,,,
,-1743,68,530,food_common,,,,,,,
,-1745,72,350,mil_common,,,,,,,
,-1737,64,512,civ_common,,,,,,,
,-1732,67,525,mil_common,,,,,,,
,-1741,69,522,civ_common,,,,,,,
,-1759,71,333,mil_common,,,,,,,
,-1758,72,327,civ_common,,,,,,,
,-1757,70,329,civ_common,,,,,,,
,-1750,73,325,food_common,,,,,,,
,-1759,75,334,tool_south,,,,,,,
,65,82,-1946,mil_uncommon,,,,,,,
,-1743,67,507,civ_common,,,,,,,
,-1740,68,500,food_common,,,,,,,
,3178,99,-27,mil_common,,,,,,,
,3173,83,-29,food_common,,,,,,,
,3183,85,-6,civ_common,,,,,,,
,-2638,78,-1461,mil_uncommon,,,,,,,
,3398,167,-3306,mil_rare,,,,,,,
,3168,83,-33,civ_tool,,,,,,,
,-1668,73,-3405,mil_rare,,,,,,,
,2090,65,-421,food_uncommon,,,,,,,
,2081,64,-428,food_uncommon,,,,,,,
,2085,68,-428,mil_common,,,,,,,
,-1749,65,472,mil_common,,,,,,,
,-1755,72,451,civ_common,,,,,,,
,2084,65,-386,pot_common,,,,,,,
,2082,67,-409,civ_common,,,,,,,
,2084,64,-408,civ_common,,,,,,,
,2087,64,-416,civ_tool,,,,,,,
,2080,61,-404,mil_rare,,,,,,,
,2094,69,-416,mil_common,,,,,,,
,-1749,71,438,civ_common,,,,,,,
,-1750,51,439,civ_common,,,,,,,
,-1755,72,429,civ_common,,,,,,,
,-1756,51,421,mil_common,,,,,,,
,-1746,72,420,tool_south,,,,,,,
,-1751,71,427,food_common,,,,,,,
,-1751,10,397,mil_uncommon,,,,,,,
,-1753,74,381,pot_south,,,,,,,
,-2845,93,-3563,mil_epic,,,,,,,
,-2841,64,-326,civ_tool,,,,,,,
,-1745,68,506,civ_common,,,,,,,
,-2836,103,-320,mil_rare,,,,,,,
,-2836,93,-319,mil_uncommon,,,,,,,
,-2834,93,-3575,mil_rare,,,,,,,
,515,60,-1272,mil_rare,,,,,,,
,512,56,-1275,mil_rare,,,,,,,
,-673,33,-2107,food_common,,,,,,,
,-673,38,-2133,food_common,,,,,,,
,2522,87,-3466,mil_rare,,,,,,,
,2513,76,-3473,mil_rare,,,,,,,
,2516,160,-3478,mil_rare,,,,,,,
,2514,154,-3478,mil_rare,,,,,,,
,2521,65,-3487,mil_rare,,,,,,,
,2523,67,-3440,civ_tool,,,,,,,
,2519,164,-3451,mil_epic,,,,,,,
,752,35,-1100,civ_common,,,,,,,
,-684,41,-2062,mil_rare,,,,,,,
,2771,85,-568,mil_uncommon,,,,,,,
,-2843,69,-244,civ_common,,,,,,,
,3930,73,-552,pot_common,,,,,,,
,3242,114,-563,civ_common,,,,,,,
,3931,68,-562,pot_common,,,,,,,
,-2848,68,-277,civ_common,,,,,,,
,-2847,64,-276,civ_tool,,,,,,,
,3238,115,-529,civ_common,,,,,,,
,3232,114,-537,food_common,,,,,,,
,3926,72,-587,pot_common,,,,,,,
,1153,72,375,mil_common,,,,,,,
,1153,72,377,tool_south,,,,,,,
,3923,67,-597,pot_common,,,,,,,
,3930,62,-604,mil_uncommon,,,,,,,
,3232,114,-557,civ_common,,,,,,,
,-1746,64,549,tool_south,,,,,,,
,2525,87,-3507,mil_rare,,,,,,,
,2520,187,-3519,mil_epic,,,,,,,
,2515,211,-3526,mil_epic,,,,,,,
,2520,211,-3521,mil_epic,,,,,,,
,2525,211,-3526,mil_epic,,,,,,,
,2520,211,-3531,mil_epic,,,,,,,
,2520,187,-3533,mil_epic,,,,,,,
,2524,165,-3534,mil_epic,,,,,,,
,3761,184,-3906,mil_rare,,,,,,,
,3771,210,-3866,mil_rare,,,,,,,
,3767,203,-3841,mil_epic,,,,,,,
,3774,185,-3899,mil_rare,,,,,,,
,1345,76,250,food_common,,,,,,,
,229,81,-3166,mil_epic,,,,,,,
,224,69,-3166,mil_epic,,,,,,,
,226,39,-3166,mil_rare,,,,,,,
,2514,77,-3499,mil_rare,,,,,,,
,-678,44,-2161,food_uncommon,,,,,,,
,-368,85,-2700,mil_rare,,,,,,,
,2979,87,262,pot_south,,,,,,,
,2979,87,267,food_common,,,,,,,
,2981,80,264,tool_south,,,,,,,
,-1776,51,391,civ_common,,,,,,,
,-1762,75,414,mil_common,,,,,,,
,-1771,74,411,food_common,,,,,,,
,-1765,51,402,mil_common,,,,,,,
,-1764,74,423,civ_common,,,,,,,
,-1765,51,430,civ_common,,,,,,,
,-1764,72,439,food_common,,,,,,,
,1055,18,-1561,food_uncommon,,,,,,,
,-1774,51,451,mil_common,,,,,,,
,1049,46,-1547,mil_epic,,,,,,,
,97,25,-2689,mil_epic,,,,,,,
,1044,15,-1488,mil_rare,,,,,,,
,111,39,-2665,mil_rare,,,,,,,
,-938,176,-3948,mil_epic,,,,,,,
,-943,203,-3938,mil_epic,,,,,,,
,-940,203,-3941,mil_epic,,,,,,,
,-942,191,-3947,mil_rare,,,,,,,
,97,39,-2655,mil_rare,,,,,,,
,-934,229,-3914,mil_epic,,,,,,,
,-932,183,-3906,mil_rare,,,,,,,
,-941,212,-3857,mil_epic,,,,,,,
,-2087,87,-1807,mil_rare,,,,,,,
,-2096,103,-1797,mil_rare,,,,,,,
,-2091,111,-1797,mil_epic,,,,,,,
,-1485,176,-3847,mil_epic,,,,,,,
,-2096,95,-1759,mil_epic,,,,,,,
,-2881,71,-2161,mil_uncommon,,,,,,,
,1009,67,-220,mil_uncommon,,,,,,,
,-1772,75,325,civ_common,,,,,,,
,-1776,74,325,food_common,,,,,,,
,-1767,76,325,civ_common,,,,,,,
,-2883,71,-2114,mil_rare,,,,,,,
,-1762,76,337,tool_south,,,,,,,
,-2096,112,-1827,mil_rare,,,,,,,
,-1761,77,353,civ_common,,,,,,,
,-1765,51,380,mil_common,,,,,,,
,216,69,163,mil_uncommon,,,,,,,
,217,65,165,food_common,,,,,,,
,-600,74,-739,food_common,,,,,,,
,2925,75,-1345,mil_uncommon,,,,,,,
,2916,63,-1378,pot_common,,,,,,,
,2916,75,-1372,mil_rare,,,,,,,
,3447,67,40,mil_common,,,,,,,
,-1772,65,491,civ_common,,,,,,,
,-1766,67,523,tool_south,,,,,,,
,-939,112,-3622,mil_epic,,,,,,,
,204,195,-3785,dungeon_t3,,,,,,,
,999,69,-18,food_common,,,,,,,
,999,68,-26,food_common,,,,,,,
,998,68,-30,food_uncommon,,,,,,,
,1006,68,-32,civ_common,,,,,,,
,-3183,47,-600,mil_uncommon,,,,,,,
,448,139,-3828,axismundi,,,,,,,
,-1041,67,309,civ_common,,,,,,,
,463,114,-3869,axismundi,,,,,,,
,451,114,-3855,axismundi,,,,,,,
,-1048,67,285,mil_common,,,,,,,
,-1043,91,286,mil_common,,,,,,,
,-459,67,379,food_common,,,,,,,
,142,74,155,civ_common,,,,,,,
,140,66,152,civ_common,,,,,,,
,129,68,150,civ_common,,,,,,,
,-1487,170,-3776,mil_epic,,,,,,,
,-1485,169,-3804,mil_epic,,,,,,,
,-2568,95,-1379,mil_rare,,,,,,,
,-2568,76,-1375,pot_uncommon,,,,,,,
,-2568,68,-1375,mil_rare,,,,,,,
,-2571,74,-1413,civ_common,,,,,,,
,-1003,108,-539,mil_uncommon,,,,,,,
,-1004,105,-539,mil_uncommon,,,,,,,
,1595,98,-3091,pot_uncommon,,,,,,,
,-2493,74,-1956,pot_uncommon,,,,,,,
,1595,98,-3085,pot_uncommon,,,,,,,
,1595,85,-3115,civ_common,,,,,,,
,3808,112,-1434,food_rare,,,,,,,
,-2155,68,350,food_common,,,,,,,
,1633,80,-3072,civ_common,,,,,,,
,1645,78,-3121,mil_common,,,,,,,
,-2667,65,-3237,mil_rare,,,,,,,
,-2667,65,-3195,mil_rare,,,,,,,
,-2660,96,-3216,mil_epic,,,,,,,
,528,37,-1672,civ_common,,,,,,,
,530,33,-1668,food_uncommon,,,,,,,
,541,38,-1665,mil_epic,,,,,,,
,539,37,-1662,mil_rare,,,,,,,
,2915,43,-1242,mil_epic,,,,,,,
,2914,43,-1195,mil_rare,,,,,,,
,-2451,95,-426,civ_tool,,,,,,,
,-2453,89,-420,civ_tool,,,,,,,
,851,20,-3399,mil_rare,,,,,,,
,1448,66,-1123,civ_tool,,,,,,,
,-2459,82,-464,pot_common,,,,,,,
,-2453,82,-464,pot_common,,,,,,,
,1455,66,-1115,food_common,,,,,,,
,542,19,-1790,pot_rare,,,,,,,
,1260,51,-3418,pot_rare,,,,,,,
,1257,56,-3438,mil_epic,,,,,,,
,1253,50,-3429,pot_rare,,,,,,,
,2491,70,448,food_common,,,,,,,
,1248,80,-3443,mil_rare,,,,,,,
,1257,50,-3443,mil_epic,,,,,,,
,2489,75,442,civ_common,,,,,,,
,2492,66,442,tool_south,,,,,,,
,-1153,84,-2861,mil_rare,,,,,,,
,2487,71,469,food_common,,,,,,,
,-461,78,-682,mil_rare,,,,,,,
,542,27,-1845,mil_epic,,,,,,,
,3214,123,-576,food_common,,,,,,,
,-1155,87,-2882,mil_rare,,,,,,,
,-1164,83,-2869,mil_epic,,,,,,,
,2507,141,-3517,mil_rare,,,,,,,
,2511,152,-3506,mil_rare,,,,,,,
,2511,161,-3509,mil_epic,,,,,,,
,-2064,105,-1786,mil_epic,,,,,,,
,1777,82,532,pot_south,,,,,,,
,1781,81,528,pot_south,,,,,,,
,-2062,96,-1806,mil_epic,,,,,,,
,-721,42,-2083,food_uncommon,,,,,,,
,-2851,71,-2159,mil_uncommon,,,,,,,
,-1423,25,-1983,mil_uncommon,,,,,,,
,3630,196,-3789,mil_rare,,,,,,,
,3626,234,-3789,mil_epic,,,,,,,
,1021,26,-1558,mil_rare,,,,,,,
,-2858,68,-2122,food_uncommon,,,,,,,
,-2852,68,-2137,food_uncommon,,,,,,,
,1022,19,-1547,food_uncommon,,,,,,,
,3655,210,-3828,mil_rare,,,,,,,
,2496,81,-3484,mil_rare,,,,,,,
,2496,154,-3481,mil_epic,,,,,,,
,-2347,65,-3084,food_uncommon,,,,,,,
,3660,211,-3751,mil_rare,,,,,,,
,3659,210,-3743,mil_rare,,,,,,,
,1791,80,469,food_common,,,,,,,
,1778,80,456,civ_common,,,,,,,
,1779,86,433,food_common,,,,,,,
,1777,83,446,civ_common,,,,,,,
,1783,85,428,food_common,,,,,,,
,1779,81,427,civ_common,,,,,,,
,1784,77,396,civ_common,,,,,,,
,1789,81,349,tool_south,,,,,,,
,3649,210,-3803,mil_rare,,,,,,,
,-394,64,3,mil_common,,,,,,,
,686,48,-1600,food_uncommon,,,,,,,
,3666,106,-1254,mil_uncommon,,,,,,,
,331,39,-1302,mil_rare,,,,,,,
,687,41,-1602,civ_common,,,,,,,
,687,44,-1602,civ_tool,,,,,,,
,3665,105,-1231,mil_rare,,,,,,,
,97,71,474,mil_common,,,,,,,
,-1604,76,-3379,mil_rare,,,,,,,
,-1611,102,-3382,mil_epic,,,,,,,
,-1613,79,-3419,mil_rare,,,,,,,
,2950,74,-1373,mil_rare,,,,,,,
,2953,69,-1374,mil_uncommon,,,,,,,
,1280,57,-3446,food_uncommon,,,,,,,
,331,39,-1263,mil_rare,,,,,,,
,919,65,389,mil_common,,,,,,,
,-1169,68,244,civ_common,,,,,,,
,-1179,68,246,food_common,,,,,,,
,2502,162,-3452,mil_epic,,,,,,,
,2499,154,-3451,mil_rare,,,,,,,
,1447,63,-679,mil_uncommon,,,,,,,
,1449,73,-688,mil_uncommon,,,,,,,
,1440,72,-688,mil_uncommon,,,,,,,
,1454,63,-689,food_uncommon,,,,,,,
,246,53,-1961,mil_epic,,,,,,,
,241,37,-1960,mil_epic,,,,,,,
,246,59,-1961,pot_rare,,,,,,,
,3644,90,-516,mil_common,,,,,,,
,3642,71,-523,civ_tool,,,,,,,
,3634,71,-529,civ_tool,,,,,,,
,3647,71,-507,mil_uncommon,,,,,,,
,3645,76,-509,mil_uncommon,,,,,,,
,3638,71,-475,civ_common,,,,,,,
,-424,127,-165,pot_uncommon,,,,,,,
,-2352,90,-397,civ_common,,,,,,,
,-2352,87,-439,food_common,,,,,,,
,66,67,90,civ_tool,,,,,,,
,67,67,70,food_common,,,,,,,
,78,68,76,mil_common,,,,,,,
,68,75,156,food_common,,,,,,,
,67,67,156,food_common,,,,,,,
,64,74,146,mil_common,,,,,,,
,654,30,-1790,civ_tool,,,,,,,
,-2456,72,-1881,mil_uncommon,,,,,,,
,-89,63,492,pot_south,,,,,,,
,-89,63,490,pot_south,,,,,,,
,-83,63,490,pot_south,,,,,,,
,-83,63,492,pot_south,,,,,,,
,-1828,51,355,civ_common,,,,,,,
,-1833,77,377,food_common,,,,,,,
,-1840,51,379,mil_common,,,,,,,
,-1837,51,334,civ_common,,,,,,,
,1158,81,-1522,mil_uncommon,,,,,,,
,-1836,91,351,food_common,,,,,,,
,-890,69,-1387,mil_uncommon,,,,,,,
,1162,74,-1539,mil_uncommon,,,,,,,
,-1836,77,424,mil_common,,,,,,,
,-1838,76,417,tool_south,,,,,,,
,-86,63,549,civ_common,,,,,,,
,-1828,76,434,civ_common,,,,,,,
,-1833,77,447,civ_common,,,,,,,
,-1828,51,433,civ_common,,,,,,,
,-96,63,531,civ_common,,,,,,,
,-1836,75,410,mil_common,,,,,,,
,896,71,90,food_common,,,,,,,
,-1612,75,-3340,mil_rare,,,,,,,
,-1887,225,-568,mil_uncommon,,,,,,,
,-1882,215,-582,mil_uncommon,,,,,,,
,-1882,225,-601,mil_uncommon,,,,,,,
,-1879,215,-599,mil_uncommon,,,,,,,
,897,66,-319,civ_common,,,,,,,
,-1837,63,480,mil_common,,,,,,,
,-1835,63,480,tool_south,,,,,,,
,2957,43,-1218,mil_epic,,,,,,,
,-1832,61,497,mil_common,,,,,,,
,-1827,69,521,civ_common,,,,,,,
,-1826,64,525,tool_south,,,,,,,
,-1391,42,-1981,mil_epic,,,,,,,
,3758,70,-287,food_common,,,,,,,
,3755,70,-265,food_common,,,,,,,
,3753,75,-265,civ_common,,,,,,,
,3744,80,-260,mil_uncommon,,,,,,,
,-1386,34,-2006,mil_rare,,,,,,,
,3744,70,-295,food_common,,,,,,,
,3665,91,-1206,food_uncommon,,,,,,,
,3678,87,-1216,mil_rare,,,,,,,
,-988,60,287,pot_south,,,,,,,
,-3142,33,-2048,mil_rare,,,,,,,
,-982,68,301,mil_common,,,,,,,
,-987,68,311,mil_common,,,,,,,
,-2382,73,-3726,mil_epic,,,,,,,
,-3141,23,-1999,mil_rare,,,,,,,
,-2941,77,258,mil_common,,,,,,,
,-2942,71,259,food_common,,,,,,,
,-890,68,-1438,food_uncommon,,,,,,,
,-881,68,-1445,mil_uncommon,,,,,,,
,3788,106,-1505,food_uncommon,,,,,,,
,1444,43,168,food_common,,,,,,,
,1446,43,168,civ_tool,,,,,,,
,3791,97,-1465,mil_uncommon,,,,,,,
,3789,101,-1464,food_uncommon,,,,,,,
,2105,95,-3788,mil_rare,,,,,,,
,2105,108,-3796,mil_epic,,,,,,,
,-2937,63,272,tool_south,,,,,,,
,-2943,64,289,food_common,,,,,,,
,-2938,64,293,mil_common,,,,,,,
,3777,116,-1434,food_uncommon,,,,,,,
,2108,100,-3836,mil_epic,,,,,,,
,2100,31,-3856,pot_rare,,,,,,,
,-529,70,158,food_common,,,,,,,
,-2429,88,-436,civ_common,,,,,,,
,-2429,88,-438,mil_common,,,,,,,
,-2425,92,-446,mil_uncommon,,,,,,,
,-2419,101,-433,mil_uncommon,,,,,,,
,1054,72,74,civ_tool,,,,,,,
,-3119,32,-2044,food_uncommon,,,,,,,
,-3116,32,-2034,food_uncommon,,,,,,,
,-3115,30,-1990,food_uncommon,,,,,,,
,2514,78,-1887,mil_rare,,,,,,,
,2514,92,-1877,mil_rare,,,,,,,
,3557,166,-2603,pot_uncommon,,,,,,,
,3556,166,-2600,pot_uncommon,,,,,,,
,3556,136,-2602,mil_rare,,,,,,,
,3554,136,-2597,mil_rare,,,,,,,
,3556,150,-2602,mil_epic,,,,,,,
,2516,109,-1896,mil_epic,,,,,,,
,2514,78,-1854,mil_rare,,,,,,,
,2516,109,-1845,mil_epic,,,,,,,
,3564,157,-2610,mil_rare,,,,,,,
,3555,136,-2614,civ_common,,,,,,,
,2514,92,-1864,mil_rare,,,,,,,
,1833,75,519,civ_common,,,,,,,
,1839,75,519,civ_common,,,,,,,
,1828,63,531,food_common,,,,,,,
,1828,63,543,food_common,,,,,,,
,3688,197,-3805,mil_rare,,,,,,,
,3688,198,-3808,mil_epic,,,,,,,
,1834,85,567,mil_common,,,,,,,
,1837,85,563,food_common,,,,,,,
,1834,90,563,tool_south,,,,,,,
,-2888,84,-1047,food_uncommon,,,,,,,
,-2881,84,-1026,food_uncommon,,,,,,,
,-25,67,518,civ_common,,,,,,,
,-30,67,512,food_common,,,,,,,
,-26,82,515,mil_common,,,,,,,
,-2884,84,-1010,civ_common,,,,,,,
,1077,71,-284,food_uncommon,,,,,,,
,1086,128,-263,pot_uncommon,,,,,,,
,-2887,84,-992,food_uncommon,,,,,,,
,-25,67,494,civ_common,,,,,,,
,-334,66,-2650,civ_tool,,,,,,,
,474,48,-1257,mil_rare,,,,,,,
,-1133,82,-2865,mil_rare,,,,,,,
,3676,69,365,civ_common,,,,,,,
,3687,210,-3743,mil_epic,,,,,,,
,-2484,84,-483,mil_common,,,,,,,
,-2489,88,-483,food_common,,,,,,,
,3678,69,343,mil_common,,,,,,,
,3679,96,343,mil_common,,,,,,,
,-2494,79,-479,mil_uncommon,,,,,,,
,-2491,89,-466,food_common,,,,,,,
,3692,204,-3772,mil_epic,,,,,,,
,3678,75,370,civ_common,,,,,,,
,3673,80,368,food_common,,,,,,,
,3690,197,-3759,mil_rare,,,,,,,
,3682,210,-3752,mil_rare,,,,,,,
,2701,85,-568,mil_uncommon,,,,,,,
,360,50,-1278,mil_rare,,,,,,,
,-1308,68,76,pot_common,,,,,,,
,-1305,68,76,pot_common,,,,,,,
,-2484,84,-463,mil_common,,,,,,,
,-2491,79,-464,civ_common,,,,,,,
,-1320,71,-1546,food_uncommon,,,,,,,
,-1320,71,-1568,civ_common,,,,,,,
,-1328,71,-1568,civ_tool,,,,,,,
,-1316,79,-1557,mil_rare,,,,,,,
,-1316,75,-1556,food_uncommon,,,,,,,
,3673,80,418,food_common,,,,,,,
,3674,75,417,tool_south,,,,,,,
,3675,69,415,tool_south,,,,,,,
,-1241,70,-2422,food_uncommon,,,,,,,
,-1234,71,-2422,food_uncommon,,,,,,,
,-1248,70,-2432,food_rare,,,,,,,
,852,65,490,mil_common,,,,,,,
,419,138,-1661,mil_rare,,,,,,,
,428,147,-1653,mil_rare,,,,,,,
,424,153,-1652,mil_rare,,,,,,,
,421,126,-1654,pot_rare,,,,,,,
,421,126,-1657,pot_rare,,,,,,,
,424,138,-1642,mil_rare,,,,,,,
,-329,133,-2544,mil_epic,,,,,,,
,1073,71,-648,food_uncommon,,,,,,,
,1076,74,-653,food_common,,,,,,,
,1074,74,-658,civ_common,,,,,,,
,1668,66,-2170,mil_uncommon,,,,,,,
,1668,67,-2175,mil_uncommon,,,,,,,
,1667,46,-2177,civ_common,,,,,,,
,1668,47,-2182,mil_rare,,,,,,,
,3218,71,-2495,civ_common,,,,,,,
,3795,197,-3749,mil_rare,,,,,,,
,3799,197,-3742,mil_epic,,,,,,,
,3794,202,-3730,mil_epic,,,,,,,
,3688,75,415,tool_south,,,,,,,
,3687,70,390,pot_south,,,,,,,
,3689,70,390,pot_south,,,,,,,
,-2489,78,-523,mil_uncommon,,,,,,,
,-2492,73,-522,food_common,,,,,,,
,3689,70,382,pot_south,,,,,,,
,3687,70,382,pot_south,,,,,,,
,3691,73,364,food_common,,,,,,,
,2412,65,-2797,food_common,,,,,,,
,3794,199,-3817,mil_epic,,,,,,,
,2412,65,-2813,mil_rare,,,,,,,
,2412,62,-2811,food_common,,,,,,,
,2412,68,-2813,food_common,,,,,,,
,2412,62,-2801,mil_rare,,,,,,,
,3802,200,-3804,mil_epic,,,,,,,
,-326,72,-2704,food_uncommon,,,,,,,
,3802,197,-3764,mil_rare,,,,,,,
,3796,203,-3761,mil_epic,,,,,,,
,3804,202,-3769,mil_epic,,,,,,,
,3805,197,-3768,mil_rare,,,,,,,
,-419,71,-1543,food_uncommon,,,,,,,
,-418,76,-1549,civ_common,,,,,,,
,-2455,73,-1926,mil_uncommon,,,,,,,
,-2459,78,-1925,mil_rare,,,,,,,
,1123,23,-1501,civ_common,,,,,,,
,1129,6,-1478,food_uncommon,,,,,,,
,1131,5,-1460,civ_common,,,,,,,
,1133,5,-1464,civ_common,,,,,,,
,1127,5,-1466,civ_common,,,,,,,
,-1693,68,418,food_common,,,,,,,
,-1696,67,430,food_common,,,,,,,
,-1296,69,-492,mil_common,,,,,,,
,-1293,68,-507,civ_tool,,,,,,,
,-1691,70,363,civ_common,,,,,,,
,-1681,71,356,civ_common,,,,,,,
,-1685,70,374,civ_common,,,,,,,
,-1687,51,376,civ_common,,,,,,,
,-1689,69,379,civ_common,,,,,,,
,-1695,73,374,food_common,,,,,,,
,-1294,72,-531,mil_uncommon,,,,,,,
,-1295,76,-531,mil_uncommon,,,,,,,
,-1682,51,391,mil_common,,,,,,,
,-1691,10,397,mil_uncommon,,,,,,,
,-1687,51,406,mil_common,,,,,,,
,-1688,72,405,food_common,,,,,,,
,1123,28,-1567,civ_common,,,,,,,
,1125,30,-1546,civ_common,,,,,,,
,1126,37,-1551,mil_uncommon,,,,,,,
,1134,28,-1511,civ_common,,,,,,,
,1122,17,-1575,civ_tool,,,,,,,
,3614,89,-494,mil_uncommon,,,,,,,
,3603,103,-499,mil_common,,,,,,,
,-1854,225,-563,mil_uncommon,,,,,,,
,3602,71,-523,civ_tool,,,,,,,
,-566,78,-1061,civ_common,,,,,,,
,-2491,81,-1028,civ_tool,,,,,,,
,-2496,97,-1028,mil_rare,,,,,,,
,-2484,87,-1028,mil_uncommon,,,,,,,
,-2493,98,-1038,mil_rare,,,,,,,
,-2491,99,-1030,food_uncommon,,,,,,,
,-1645,73,-3298,mil_rare,,,,,,,
,-1854,215,-582,mil_uncommon,,,,,,,
,-1849,225,-596,mil_uncommon,,,,,,,
,-1297,80,182,food_common,,,,,,,
,-1300,76,182,mil_common,,,,,,,
,-1307,76,182,mil_common,,,,,,,
,-1297,86,190,food_common,,,,,,,
,-1110,69,310,civ_common,,,,,,,
,-1109,69,295,civ_common,,,,,,,
,-1119,68,284,mil_common,,,,,,,
,-1049,107,-3593,civ_common,,,,,,,
,1045,71,-10,civ_tool,,,,,,,
,3736,185,-3679,mil_rare,,,,,,,
,3638,91,-870,mil_uncommon,,,,,,,
,3636,92,-883,civ_tool,,,,,,,
,3730,198,-3739,mil_rare,,,,,,,
,3743,197,-3742,mil_epic,,,,,,,
,845,7,-1340,mil_rare,,,,,,,
,3740,198,-3726,mil_epic,,,,,,,
,836,26,-1347,mil_rare,,,,,,,
,845,15,-1348,mil_rare,,,,,,,
,657,65,450,mil_common,,,,,,,
,-1297,80,198,food_common,,,,,,,
,-1307,80,198,food_common,,,,,,,
,-1298,76,198,civ_common,,,,,,,
,-1306,76,198,civ_common,,,,,,,
,1043,69,-64,food_common,,,,,,,
,1043,74,-60,mil_common,,,,,,,
,1044,79,-64,food_uncommon,,,,,,,
,2478,109,-1896,mil_epic,,,,,,,
,-2890,64,-268,mil_common,,,,,,,
,-2891,69,-268,food_common,,,,,,,
,-2882,64,-256,food_common,,,,,,,
,3802,210,-3877,mil_epic,,,,,,,
,-2745,63,-1249,civ_tool,,,,,,,
,-1876,51,355,mil_common,,,,,,,
,3804,210,-3860,mil_rare,,,,,,,
,3798,216,-3859,mil_epic,,,,,,,
,3803,197,-3830,mil_epic,,,,,,,
,3803,197,-3839,mil_epic,,,,,,,
,-2494,87,-1041,mil_uncommon,,,,,,,
,-1228,78,-3425,food_uncommon,,,,,,,
,-1219,90,-3432,mil_rare,,,,,,,
,-1217,69,-3425,mil_rare,,,,,,,
,-3142,47,-579,mil_uncommon,,,,,,,
,-3152,171,-590,mil_rare,,,,,,,
,-3149,62,-591,civ_tool,,,,,,,
,-1877,78,403,food_common,,,,,,,
,-1873,77,414,tool_south,,,,,,,
,-1882,76,394,food_common,,,,,,,
,-1232,84,-3421,mil_rare,,,,,,,
,-1232,90,-3423,mil_rare,,,,,,,
,-3152,171,-596,mil_rare,,,,,,,
,-3149,171,-593,mil_rare,,,,,,,
,-3147,115,-593,pot_common,,,,,,,
,-1881,77,383,food_common,,,,,,,
,-1880,78,378,food_common,,,,,,,
,1365,82,-2212,mil_rare,,,,,,,
,-2989,62,273,pot_south,,,,,,,
,-2986,61,276,pot_south,,,,,,,
,-2988,61,277,food_common,,,,,,,
,656,73,554,tool_south,,,,,,,
,-2992,65,226,pot_south,,,,,,,
,-2992,65,224,pot_south,,,,,,,
,2478,109,-1845,mil_epic,,,,,,,
,855,67,388,food_common,,,,,,,
,855,77,384,food_common,,,,,,,
,843,45,-1426,pot_uncommon,,,,,,,
,-447,71,-1672,civ_common,,,,,,,
,-446,76,-1665,mil_uncommon,,,,,,,
,-438,76,-1667,mil_uncommon,,,,,,,
,851,65,457,tool_south,,,,,,,
,1080,12,-1528,food_uncommon,,,,,,,
,-393,64,442,civ_common,,,,,,,
,-1493,68,-2035,food_uncommon,,,,,,,
,-1494,71,-2038,mil_uncommon,,,,,,,
,-1494,71,-2034,civ_tool,,,,,,,
,-1492,86,-2036,mil_uncommon,,,,,,,
,1087,7,-1513,mil_rare,,,,,,,
,1075,27,-1556,mil_uncommon,,,,,,,
,1080,39,-1556,mil_rare,,,,,,,
,1668,54,-2562,civ_tool,,,,,,,
,1665,62,-2564,mil_rare,,,,,,,
,1666,59,-2584,mil_rare,,,,,,,
,1666,52,-2577,mil_rare,,,,,,,
,1084,11,-1578,mil_rare,,,,,,,
,224,195,-3785,dungeon_t3,,,,,,,
,-497,71,-1593,civ_common,,,,,,,
,-497,77,-1592,food_uncommon,,,,,,,
,3636,104,-1228,mil_uncommon,,,,,,,
,-1494,74,-1958,food_uncommon,,,,,,,
,-1496,68,-1960,civ_tool,,,,,,,
,-1499,81,-1960,mil_rare,,,,,,,
,3636,104,-1212,mil_uncommon,,,,,,,
,1087,15,-1470,civ_common,,,,,,,
,1077,16,-1468,civ_tool,,,,,,,
,-1641,78,-3364,mil_rare,,,,,,,
,-1643,74,-3365,mil_rare,,,,,,,
,1077,7,-1500,mil_uncommon,,,,,,,
,-569,74,-1105,civ_common,,,,,,,
,-1490,76,-2030,food_uncommon,,,,,,,
,1078,16,-1481,food_uncommon,,,,,,,
,-575,73,-1122,food_uncommon,,,,,,,
,-3181,66,-39,civ_tool,,,,,,,
,444,47,-1258,mil_rare,,,,,,,
,443,40,-1222,mil_epic,,,,,,,
,310,74,-2251,mil_rare,,,,,,,
,305,65,-2237,mil_epic,,,,,,,
,314,65,-2238,mil_epic,,,,,,,
,309,69,-2237,mil_rare,,,,,,,
,314,65,-2228,mil_rare,,,,,,,
,-395,78,-1672,civ_tool,,,,,,,
,-394,72,-1663,civ_tool,,,,,,,
,-1003,231,-3876,mil_epic,,,,,,,
,-1002,200,-3917,mil_epic,,,,,,,
,1506,104,-3732,mil_rare,,,,,,,
,1507,104,-3719,mil_rare,,,,,,,
,-2513,79,-1896,mil_uncommon,,,,,,,
,1107,70,-251,food_uncommon,,,,,,,
,1698,81,416,civ_common,,,,,,,
,-756,93,-1998,mil_rare,,,,,,,
,-761,78,-1990,mil_rare,,,,,,,
,-761,87,-1988,mil_epic,,,,,,,
,-757,25,-1986,mil_epic,,,,,,,
,-765,54,-1990,mil_rare,,,,,,,
,3606,102,-858,mil_rare,,,,,,,
,1701,80,405,civ_common,,,,,,,
,1701,84,386,food_common,,,,,,,
,1709,80,387,civ_common,,,,,,,
,3603,102,-903,mil_uncommon,,,,,,,
,3728,197,-3853,mil_rare,,,,,,,
,3733,202,-3851,mil_epic,,,,,,,
,-760,93,-1965,mil_epic,,,,,,,
,-768,35,-1966,mil_epic,,,,,,,
,1705,81,449,civ_common,,,,,,,
,3732,197,-3830,mil_rare,,,,,,,
,3742,197,-3835,mil_epic,,,,,,,
,-760,93,-1969,mil_rare,,,,,,,
,-768,60,-1979,mil_rare,,,,,,,
,-766,90,-1977,mil_rare,,,,,,,
,-765,35,-1978,mil_epic,,,,,,,
,3614,95,-892,mil_uncommon,,,,,,,
,-1091,69,294,food_common,,,,,,,
,-1101,68,278,civ_common,,,,,,,
,3736,185,-3899,mil_rare,,,,,,,
,-2570,74,-1917,food_uncommon,,,,,,,
,-2564,85,-1912,mil_rare,,,,,,,
,-2070,71,-3333,food_uncommon,,,,,,,
,-2070,75,-3329,food_uncommon,,,,,,,
,-2564,85,-1940,mil_rare,,,,,,,
,-1103,68,269,tool_south,,,,,,,
,-2570,74,-1935,food_uncommon,,,,,,,
,-2565,74,-1922,food_uncommon,,,,,,,
,-2567,80,-1926,food_uncommon,,,,,,,
,2068,86,-3801,mil_epic,,,,,,,
,2073,152,-3787,mil_epic,,,,,,,
,2070,147,-3765,mil_epic,,,,,,,
,641,35,-1443,mil_epic,,,,,,,
,2070,96,-3834,mil_rare,,,,,,,
,2066,153,-3831,mil_epic,,,,,,,
,1362,74,416,mil_common,,,,,,,
,-1261,73,-532,mil_uncommon,,,,,,,
,-1251,73,-531,civ_common,,,,,,,
,-1261,68,-532,mil_common,,,,,,,
,-1260,77,-544,mil_uncommon,,,,,,,
,652,29,-1572,mil_epic,,,,,,,
,654,27,-1565,food_uncommon,,,,,,,
,4060,224,-3612,pot_rare,,,,,,,
,864,34,-1399,mil_rare,,,,,,,
,431,44,-2078,pot_uncommon,,,,,,,
,42,26,-1556,food_uncommon,,,,,,,
,1955,63,-3839,mil_epic,,,,,,,
,1958,82,-3830,mil_epic,,,,,,,
,1763,101,-1233,mil_rare,,,,,,,
,870,12,-1365,civ_tool,,,,,,,
,878,2,-1371,mil_epic,,,,,,,
,866,20,-1389,civ_tool,,,,,,,
,870,12,-1337,mil_rare,,,,,,,
,1773,101,-1183,mil_rare,,,,,,,
,1764,87,-1218,mil_uncommon,,,,,,,
,1771,95,-1227,mil_uncommon,,,,,,,
,1959,70,-3873,mil_epic,,,,,,,
,1773,96,-1210,mil_uncommon,,,,,,,
,4068,71,-1460,civ_tool,,,,,,,
,4065,73,-1460,food_uncommon,,,,,,,
,4066,82,-1462,mil_rare,,,,,,,
,431,44,-2082,pot_uncommon,,,,,,,
,992,82,-2557,mil_rare,,,,,,,
,1007,86,-2585,mil_epic,,,,,,,
,3577,82,-486,mil_rare,,,,,,,
,3571,80,-484,mil_uncommon,,,,,,,
,3575,80,-497,mil_uncommon,,,,,,,
,3570,90,-509,mil_uncommon,,,,,,,
,3577,70,-503,civ_common,,,,,,,
,3569,90,-475,mil_common,,,,,,,
,2770,85,-2687,mil_rare,,,,,,,
,-1559,69,-2028,civ_common,,,,,,,
,-1556,75,-2030,food_uncommon,,,,,,,
,-1555,68,-1973,civ_common,,,,,,,
,-1555,68,-1978,food_uncommon,,,,,,,
,-1557,74,-1978,civ_common,,,,,,,
,1114,9,-1467,food_uncommon,,,,,,,
,1114,5,-1466,civ_common,,,,,,,
,-1719,93,-2960,civ_common,,,,,,,
,-1716,122,-2956,mil_epic,,,,,,,
,1107,17,-1445,civ_common,,,,,,,
,1119,18,-1452,food_uncommon,,,,,,,
,-340,76,-386,food_uncommon,,,,,,,
,-339,87,-384,mil_uncommon,,,,,,,
,-2416,73,-2536,civ_common,,,,,,,
,-2414,72,-2537,civ_tool,,,,,,,
,1116,26,-1567,mil_uncommon,,,,,,,
,-517,62,315,food_common,,,,,,,
,-340,93,-410,mil_uncommon,,,,,,,
,1112,30,-1552,civ_common,,,,,,,
,3189,100,-13,mil_uncommon,,,,,,,
,-2404,73,-2517,civ_common,,,,,,,
,2770,78,-2694,food_common,,,,,,,
,2769,64,-2700,mil_epic,,,,,,,
,2768,69,-2698,mil_rare,,,,,,,
,2768,73,-2696,mil_rare,,,,,,,
,-1713,54,-2981,pot_common,,,,,,,
,1118,14,-1478,civ_common,,,,,,,
,1114,5,-1478,civ_common,,,,,,,
,-1716,122,-2964,mil_epic,,,,,,,
,1601,98,-3085,pot_uncommon,,,,,,,
,2770,77,-2752,mil_rare,,,,,,,
,2771,82,-2744,mil_rare,,,,,,,
,1614,69,-3063,mil_epic,,,,,,,
,1612,81,-3116,civ_common,,,,,,,
,1601,98,-3091,pot_uncommon,,,,,,,
,-2720,63,-1242,food_common,,,,,,,
,2768,71,-2733,food_uncommon,,,,,,,
,2770,69,-2723,food_common,,,,,,,
,2771,86,-2721,mil_rare,,,,,,,
,2771,103,-2721,mil_epic,,,,,,,
,2771,95,-2732,mil_epic,,,,,,,
,2770,88,-2709,mil_rare,,,,,,,
,2769,101,-2707,mil_rare,,,,,,,
,-521,62,335,food_common,,,,,,,
,-1000,198,-3858,mil_epic,,,,,,,
,-1007,194,-3872,mil_epic,,,,,,,
,1002,17,-2947,food_uncommon,,,,,,,
,-1451,26,-2026,mil_uncommon,,,,,,,
,1964,47,-3798,mil_epic,,,,,,,
,-2436,96,-3711,mil_epic,,,,,,,
,-2435,60,-3725,mil_rare,,,,,,,
,-2436,73,-3726,mil_epic,,,,,,,
,1952,27,-3779,mil_epic,,,,,,,
,869,43,-1425,pot_uncommon,,,,,,,
,2009,68,-1543,food_common,,,,,,,
,2000,68,-1554,food_uncommon,,,,,,,
,-2436,73,-3696,mil_epic,,,,,,,
,2618,72,498,food_common,,,,,,,
,2623,68,522,food_common,,,,,,,
,-524,68,558,mil_common,,,,,,,
,-527,91,554,tool_south,,,,,,,
,-528,68,561,food_common,,,,,,,
,-1435,77,281,mil_common,,,,,,,
,-1434,82,280,mil_common,,,,,,,
,-1434,82,300,mil_common,,,,,,,
,-1434,77,300,mil_common,,,,,,,
,-1431,72,288,civ_common,,,,,,,
,2617,65,528,tool_south,,,,,,,
,1754,105,-349,pot_uncommon,,,,,,,
,1339,76,246,civ_common,,,,,,,
,1331,85,251,food_common,,,,,,,
,1340,86,251,mil_common,,,,,,,
,1338,76,260,civ_common,,,,,,,
,2020,140,-3785,spire_earth,,,,,,,
,2823,173,-4029,food_common,,,,,,,
,2029,30,-3756,mil_epic,,,,,,,
,-2949,32,-1405,food_uncommon,,,,,,,
,3250,69,-2485,mil_rare,,,,,,,
,3249,76,-2527,food_common,,,,,,,
,2242,89,-2697,pot_common,,,,,,,
,2244,80,-2697,civ_common,,,,,,,
,2243,73,-2697,civ_common,,,,,,,
,542,64,-1258,mil_rare,,,,,,,
,2031,114,-3708,mil_epic,,,,,,,
,-2276,181,-1621,civ_tool,,,,,,,
,-2273,185,-1620,food_common,,,,,,,
,3563,70,-491,civ_tool,,,,,,,
,3567,112,-493,mil_uncommon,,,,,,,
,-3083,30,-2022,food_uncommon,,,,,,,
,3833,210,-3803,mil_rare,,,,,,,
,-3088,29,-2002,mil_rare,,,,,,,
,-3079,30,-2036,pot_uncommon,,,,,,,
,1465,104,-3706,mil_rare,,,,,,,
,-97,63,526,mil_common,,,,,,,
,-99,64,499,civ_common,,,,,,,
,-106,64,510,tool_south,,,,,,,
,-8,22,-1545,mil_epic,,,,,,,
,-8,27,-1530,mil_rare,,,,,,,
,-2821,19,-1493,mil_rare,,,,,,,
,-2824,31,-1502,mil_rare,,,,,,,
,-2819,17,-1462,civ_tool,,,,,,,
,-2830,38,-1455,mil_rare,,,,,,,
,217,81,-3154,mil_epic,,,,,,,
,210,69,-3166,mil_epic,,,,,,,
,217,39,-3157,mil_rare,,,,,,,
,-2552,71,-1882,mil_uncommon,,,,,,,
,3654,121,-3032,civ_common,,,,,,,
,217,81,-3173,mil_epic,,,,,,,
,217,81,-3176,mil_epic,,,,,,,
,217,88,-3176,mil_epic,,,,,,,
,217,69,-3173,mil_epic,,,,,,,
,217,39,-3175,mil_rare,,,,,,,
,3837,210,-3852,mil_rare,,,,,,,
,3839,215,-3844,mil_epic,,,,,,,
,-361,57,-459,pot_uncommon,,,,,,,
,-355,78,-453,mil_uncommon,,,,,,,
,-354,72,-453,mil_common,,,,,,,
,-353,63,-453,mil_uncommon,,,,,,,
,-2547,77,-1894,mil_uncommon,,,,,,,
,-354,67,-448,food_common,,,,,,,
,-368,87,-419,mil_uncommon,,,,,,,
,-354,86,-393,mil_uncommon,,,,,,,
,-366,76,-389,civ_common,,,,,,,
,-353,77,-400,mil_common,,,,,,,
,2480,92,-1877,mil_rare,,,,,,,
,2480,78,-1887,mil_rare,,,,,,,
,455,42,-2021,mil_epic,,,,,,,
,1535,69,-807,mil_rare,,,,,,,
,1468,114,-3785,mil_epic,,,,,,,
,-2807,82,-2176,mil_rare,,,,,,,
,-2807,82,-2158,mil_uncommon,,,,,,,
,-2802,71,-2136,mil_rare,,,,,,,
,-1815,69,-1473,mil_rare,,,,,,,
,-2808,67,-2104,civ_tool,,,,,,,
,-273,64,425,civ_common,,,,,,,
,1008,16,-2955,food_uncommon,,,,,,,
,686,28,-1492,mil_rare,,,,,,,
,1011,17,-2941,food_uncommon,,,,,,,
,676,29,-1535,mil_rare,,,,,,,
,3828,198,-3827,pot_common,,,,,,,
,3833,211,-3828,mil_epic,,,,,,,
,192,51,-1959,mil_epic,,,,,,,
,195,51,-1956,mil_epic,,,,,,,
,2253,87,-2949,mil_rare,,,,,,,
,2244,92,-2951,mil_epic,,,,,,,
,-1779,70,400,food_common,,,,,,,
,-1789,76,403,food_common,,,,,,,
,-1783,51,400,civ_common,,,,,,,
,-1781,77,424,food_common,,,,,,,
,-1778,73,424,civ_common,,,,,,,
,-1778,74,431,civ_common,,,,,,,
,-1792,70,431,mil_common,,,,,,,
,-1782,75,416,food_common,,,,,,,
,-1783,51,424,civ_common,,,,,,,
,2248,69,-2927,mil_rare,,,,,,,
,2245,65,-2921,mil_rare,,,,,,,
,-1792,75,440,food_common,,,,,,,
,-1783,76,457,civ_common,,,,,,,
,-1784,77,450,civ_common,,,,,,,
,-1782,70,455,civ_common,,,,,,,
,2552,68,-3436,civ_tool,,,,,,,
,-876,120,-3627,mil_rare,,,,,,,
,-3073,42,-1659,civ_tool,,,,,,,
,-550,128,-2332,civ_common,,,,,,,
,-554,133,-2328,food_uncommon,,,,,,,
,2012,109,-928,mil_rare,,,,,,,
,2012,85,-940,mil_uncommon,,,,,,,
,2007,97,-937,mil_uncommon,,,,,,,
,-354,78,-486,mil_uncommon,,,,,,,
,-354,67,-484,food_common,,,,,,,
,-367,57,-468,pot_common,,,,,,,
,-358,56,-477,food_common,,,,,,,
,1133,7,-1626,civ_tool,,,,,,,
,1135,11,-1618,mil_uncommon,,,,,,,
,1122,12,-1623,food_uncommon,,,,,,,
,3564,68,-253,civ_tool,,,,,,,
,-3087,37,-1630,civ_tool,,,,,,,
,-3081,52,-1626,food_common,,,,,,,
,-3073,45,-1620,food_common,,,,,,,
,1133,8,-1603,civ_common,,,,,,,
,1131,12,-1610,civ_common,,,,,,,
,648,87,-203,mil_common,,,,,,,
,648,87,-185,mil_common,,,,,,,
,2480,78,-1854,mil_rare,,,,,,,
,2480,92,-1864,mil_rare,,,,,,,
,652,142,-214,spire_fire,,,,,,,
,2029,160,-3831,mil_epic,,,,,,,
,652,142,-174,spire_fire,,,,,,,
,-1778,73,335,civ_common,,,,,,,
,-1784,76,341,civ_common,,,,,,,
,-1780,51,343,mil_common,,,,,,,
,-1777,76,353,civ_common,,,,,,,
,-1781,78,377,mil_common,,,,,,,
,-1783,51,370,civ_common,,,,,,,
,-1781,72,372,tool_south,,,,,,,
,-1781,72,395,civ_common,,,,,,,
,793,85,-3492,mil_epic,,,,,,,
,784,67,-3492,mil_rare,,,,,,,
,2507,67,441,food_common,,,,,,,
,2502,67,427,mil_common,,,,,,,
,2509,76,427,mil_common,,,,,,,
,786,86,-3481,mil_epic,,,,,,,
,796,81,-3478,pot_rare,,,,,,,
,3401,80,33,civ_common,,,,,,,
,3401,95,39,mil_common,,,,,,,
,3405,73,45,food_common,,,,,,,
,3403,85,45,mil_common,,,,,,,
,3406,101,36,mil_common,,,,,,,
,3401,69,30,food_common,,,,,,,
,3404,69,23,food_common,,,,,,,
,3392,67,23,food_common,,,,,,,
,3399,74,24,food_common,,,,,,,
,3398,91,26,mil_common,,,,,,,
,3403,76,19,mil_common,,,,,,,
,3396,81,22,mil_uncommon,,,,,,,
,3400,103,15,mil_common,,,,,,,
,1127,8,-1681,civ_tool,,,,,,,
,1131,8,-1681,civ_tool,,,,,,,
,33,31,-1597,mil_rare,,,,,,,
,-1783,64,496,civ_common,,,,,,,
,-1790,68,518,civ_common,,,,,,,
,-1778,64,525,civ_common,,,,,,,
,1746,95,-1185,mil_uncommon,,,,,,,
,1745,95,-1175,mil_uncommon,,,,,,,
,1751,100,-1183,mil_uncommon,,,,,,,
,1750,100,-1173,mil_rare,,,,,,,
,-1792,64,559,tool_south,,,,,,,
,3704,70,-296,food_common,,,,,,,
,3705,73,-296,civ_common,,,,,,,
,3704,73,-285,civ_common,,,,,,,
,3706,70,-281,food_common,,,,,,,
,3703,70,-265,mil_rare,,,,,,,
,3707,71,-270,mil_rare,,,,,,,
,3709,76,-269,mil_uncommon,,,,,,,
,2164,19,-3863,mil_rare,,,,,,,
,157,75,111,food_common,,,,,,,
,157,67,110,civ_common,,,,,,,
,2038,119,-934,mil_rare,,,,,,,
,159,74,93,civ_common,,,,,,,
,155,67,95,civ_common,,,,,,,
,156,74,143,civ_common,,,,,,,
,-2050,77,-3316,food_rare,,,,,,,
,-2787,65,-227,food_common,,,,,,,
,-2051,75,-3342,food_uncommon,,,,,,,
,154,67,127,food_common,,,,,,,
,154,74,127,civ_common,,,,,,,
,152,75,116,food_common,,,,,,,
,153,66,159,food_common,,,,,,,
,150,67,149,food_common,,,,,,,
,154,75,159,civ_tool,,,,,,,
,144,74,157,mil_uncommon,,,,,,,
,461,42,-2104,mil_rare,,,,,,,
,81,26,-1084,food_uncommon,,,,,,,
,91,40,-1063,civ_tool,,,,,,,
,157,66,74,civ_common,,,,,,,
,80,31,-1046,mil_epic,,,,,,,
,1390,44,-2238,mil_epic,,,,,,,
,1376,82,-2230,mil_rare,,,,,,,
,-2079,71,-1291,mil_uncommon,,,,,,,
,-2079,71,-1274,mil_uncommon,,,,,,,
,-2697,52,-2842,mil_rare,,,,,,,
,-2079,71,-1297,mil_uncommon,,,,,,,
,-2698,65,-2821,mil_rare,,,,,,,
,3871,184,-3779,mil_rare,,,,,,,
,3865,185,-3808,mil_rare,,,,,,,
,-2827,84,-1011,civ_common,,,,,,,
,42,78,-1954,civ_common,,,,,,,
,33,82,-1956,food_uncommon,,,,,,,
,-2818,92,-1003,mil_uncommon,,,,,,,
,2382,59,-2818,mil_epic,,,,,,,
,-2826,84,-989,civ_common,,,,,,,
,90,39,-1500,mil_rare,,,,,,,
,90,39,-1488,mil_rare,,,,,,,
,215,21,-1975,mil_epic,,,,,,,
,216,21,-1972,mil_epic,,,,,,,
,34,77,-1918,civ_common,,,,,,,
,93,30,-1576,civ_common,,,,,,,
,1383,82,-2201,mil_rare,,,,,,,
,1381,82,-2223,mil_rare,,,,,,,
,1689,44,-2199,eillomale,,,,,,,
,1684,45,-2202,eillomale,,,,,,,
,1693,44,-2177,mil_rare,,,,,,,
,1680,44,-2214,mil_rare,,,,,,,
,-3096,36,-1208,mil_epic,,,,,,,
,-1241,68,-521,civ_tool,,,,,,,
,-1240,73,-521,civ_tool,,,,,,,
,-1240,73,-528,civ_common,,,,,,,
,-1243,68,-512,mil_uncommon,,,,,,,
,935,76,405,mil_common,,,,,,,
,-1240,73,-533,civ_common,,,,,,,
,-1247,68,-532,mil_common,,,,,,,
,928,67,443,pot_south,,,,,,,
,928,67,447,civ_common,,,,,,,
,929,76,458,mil_common,,,,,,,
,2020,11,-3209,mil_rare,,,,,,,
,2027,5,-3203,mil_rare,,,,,,,
,-1247,72,-492,mil_uncommon,,,,,,,
,-1244,68,-494,mil_common,,,,,,,
,-1083,68,-931,civ_tool,,,,,,,
,-1082,73,-929,mil_uncommon,,,,,,,
,490,42,-1664,civ_common,,,,,,,
,-20,77,-1931,civ_common,,,,,,,
,2597,64,150,civ_common,,,,,,,
,682,69,-533,mil_uncommon,,,,,,,
,687,67,-580,mil_uncommon,,,,,,,
,941,68,-55,pot_common,,,,,,,
,941,68,-57,pot_common,,,,,,,
,-525,73,-1076,civ_common,,,,,,,
,-526,76,-1086,civ_common,,,,,,,
,-526,81,-1086,food_rare,,,,,,,
,-24,79,-1899,pot_common,,,,,,,
,331,64,-2233,mil_uncommon,,,,,,,
,322,79,-2234,mil_rare,,,,,,,
,3169,140,-514,food_common,,,,,,,
,321,63,-2243,mil_uncommon,,,,,,,
,3168,148,-542,mil_uncommon,,,,,,,
,-697,143,-2048,food_uncommon,,,,,,,
,3708,197,-3804,mil_rare,,,,,,,
,3705,202,-3802,mil_epic,,,,,,,
,3182,141,-587,food_uncommon,,,,,,,
,3711,197,-3817,mil_epic,,,,,,,
,3697,197,-3821,mil_rare,,,,,,,
,3700,202,-3824,mil_epic,,,,,,,
,3865,185,-3770,mil_rare,,,,,,,
,3705,210,-3850,mil_rare,,,,,,,
,-703,46,-2108,mil_rare,,,,,,,
,-1458,24,-2007,mil_uncommon,,,,,,,
,-1461,52,-2008,mil_rare,,,,,,,
,-692,43,-2159,food_common,,,,,,,
,-700,33,-2131,mil_rare,,,,,,,
,-1469,69,-1997,mil_uncommon,,,,,,,
,3705,196,-3840,mil_epic,,,,,,,
,1802,86,470,civ_common,,,,,,,
,1802,91,470,civ_common,,,,,,,
,1797,73,475,mil_common,,,,,,,
,1805,80,442,tool_south,,,,,,,
,1800,93,439,tool_south,,,,,,,
,1797,73,425,civ_common,,,,,,,
,3167,100,9,mil_uncommon,,,,,,,
,1805,77,400,civ_common,,,,,,,
,1805,75,380,civ_common,,,,,,,
,1793,79,361,civ_common,,,,,,,
,1793,79,339,civ_common,,,,,,,
,1793,75,338,mil_common,,,,,,,
,-2061,66,-3345,civ_tool,,,,,,,
,2001,17,-3216,mil_epic,,,,,,,
,2531,65,-3539,mil_rare,,,,,,,
,686,87,-165,mil_uncommon,,,,,,,
,3710,210,-3697,mil_rare,,,,,,,
,3711,215,-3701,mil_epic,,,,,,,
,3697,210,-3708,mil_epic,,,,,,,
,3710,211,-3720,mil_epic,,,,,,,
,3707,210,-3683,mil_rare,,,,,,,
,3701,210,-3696,mil_rare,,,,,,,
,3704,198,-3765,mil_rare,,,,,,,
,3706,202,-3773,mil_epic,,,,,,,
,3708,197,-3781,mil_rare,,,,,,,
,686,87,-223,mil_common,,,,,,,
,3703,197,-3743,mil_rare,,,,,,,
,3707,189,-3734,pot_rare,,,,,,,
,3705,188,-3740,pot_rare,,,,,,,
,3702,210,-3730,mil_epic,,,,,,,
,3710,198,-3737,mil_epic,,,,,,,
,3707,188,-3746,pot_rare,,,,,,,
,3697,197,-3756,mil_epic,,,,,,,
,3710,202,-3758,mil_epic,,,,,,,
,3711,197,-3760,mil_rare,,,,,,,
,-514,82,-1110,food_uncommon,,,,,,,
,214,73,6,mil_uncommon,,,,,,,
,2767,69,-2707,food_uncommon,,,,,,,
,-671,51,-2112,food_common,,,,,,,
,1753,95,-1234,mil_uncommon,,,,,,,
,-406,66,517,civ_common,,,,,,,
,-993,68,323,mil_common,,,,,,,
,-994,73,325,civ_common,,,,,,,
,-1006,67,329,tool_south,,,,,,,
,-2684,79,-1397,mil_uncommon,,,,,,,
,2511,66,511,mil_common,,,,,,,
,-2794,63,-713,civ_common,,,,,,,
,2511,75,532,civ_common,,,,,,,
,2767,65,-2721,mil_rare,,,,,,,
,-1001,73,288,civ_common,,,,,,,
,-995,60,291,pot_south,,,,,,,
,-2717,69,-1964,food_common,,,,,,,
,-1001,73,282,mil_common,,,,,,,
,-1004,60,285,food_common,,,,,,,
,-994,61,278,food_common,,,,,,,
,-1005,68,251,civ_common,,,,,,,
,2372,159,-1927,mil_epic,,,,,,,
,57,81,-1908,mil_uncommon,,,,,,,
,62,67,-1907,civ_tool,,,,,,,
,-1007,67,315,food_common,,,,,,,
,-2991,75,-3285,food_uncommon,,,,,,,
,-2952,65,251,mil_common,,,,,,,
,-2948,65,256,civ_common,,,,,,,
,-2954,70,256,food_common,,,,,,,
,-2450,73,-3699,mil_epic,,,,,,,
,-2954,64,296,tool_south,,,,,,,
,2370,159,-1872,mil_epic,,,,,,,
,678,34,-1118,food_uncommon,,,,,,,
,2383,127,-1890,pot_uncommon,,,,,,,
,1257,72,-408,food_uncommon,,,,,,,
,1255,76,-411,civ_common,,,,,,,
,1014,82,-2593,mil_rare,,,,,,,
,1262,71,-419,civ_tool,,,,,,,
,1018,81,-2570,mil_rare,,,,,,,
,1013,100,-2592,mil_epic,,,,,,,
,1009,82,-2577,mil_rare,,,,,,,
,803,68,-3484,mil_epic,,,,,,,
,806,75,-3483,mil_rare,,,,,,,
,1807,86,532,mil_common,,,,,,,
,1807,86,519,mil_common,,,,,,,
,1796,93,498,civ_common,,,,,,,
,1801,87,493,mil_common,,,,,,,
,486,43,-2085,mil_rare,,,,,,,
,84,68,150,mil_common,,,,,,,
,92,74,152,food_common,,,,,,,
,571,37,-1811,mil_epic,,,,,,,
,-2855,93,-3545,mil_epic,,,,,,,
,2530,113,-3491,food_uncommon,,,,,,,
,560,35,-1842,mil_epic,,,,,,,
,1726,92,-1207,mil_uncommon,,,,,,,
,685,46,-960,mil_rare,,,,,,,
,93,75,64,mil_uncommon,,,,,,,
,2534,143,-3455,mil_rare,,,,,,,
,2541,163,-3456,mil_epic,,,,,,,
,2539,158,-3454,mil_epic,,,,,,,
,2539,149,-3456,mil_rare,,,,,,,
,1723,92,-1194,mil_uncommon,,,,,,,
,679,22,-979,mil_epic,,,,,,,
,679,39,-968,mil_rare,,,,,,,
,678,35,-969,mil_rare,,,,,,,
,685,41,-996,mil_rare,,,,,,,
,681,37,-997,mil_rare,,,,,,,
,117,29,-1584,mil_rare,,,,,,,
,117,28,-1559,mil_rare,,,,,,,
,113,30,-1547,mil_rare,,,,,,,
,-2795,41,-1472,mil_epic,,,,,,,
,-2797,8,-1470,mil_epic,,,,,,,
,-1232,70,-2450,food_uncommon,,,,,,,
,-1228,70,-2450,food_uncommon,,,,,,,
,486,43,-2034,mil_rare,,,,,,,
,3650,73,370,civ_common,,,,,,,
,3649,69,366,mil_common,,,,,,,
,123,67,375,food_common,,,,,,,
,123,67,382,tool_south,,,,,,,
,-1731,50,-2989,pot_rare,,,,,,,
,-1731,50,-2984,pot_rare,,,,,,,
,3656,80,412,food_common,,,,,,,
,3656,73,397,civ_common,,,,,,,
,3656,73,395,civ_common,,,,,,,
,3661,69,416,civ_common,,,,,,,
,-807,82,174,mil_common,,,,,,,
,-810,68,175,civ_common,,,,,,,
,-809,69,190,food_common,,,,,,,
,-804,70,189,civ_tool,,,,,,,
,-805,74,186,food_common,,,,,,,
,-803,80,189,food_common,,,,,,,
,-806,69,180,mil_common,,,,,,,
,-805,68,187,mil_common,,,,,,,
,2852,68,-881,food_common,,,,,,,
,2855,69,-874,civ_common,,,,,,,
,-2103,64,-1281,mil_uncommon,,,,,,,
,-2110,88,-1281,mil_rare,,,,,,,
,-2110,64,-1295,mil_uncommon,,,,,,,
,-2110,71,-1281,pot_uncommon,,,,,,,
,-2110,64,-1273,mil_uncommon,,,,,,,
,-2102,71,-1307,mil_uncommon,,,,,,,
,119,66,161,mil_common,,,,,,,
,-1843,51,376,mil_common,,,,,,,
,-1848,91,342,food_common,,,,,,,
,-1849,80,341,pot_south,,,,,,,
,-1847,80,341,pot_south,,,,,,,
,1502,116,-3771,civ_tool,,,,,,,
,-1849,75,437,civ_common,,,,,,,
,-1847,76,438,food_common,,,,,,,
,-1841,76,415,civ_common,,,,,,,
,-1846,51,409,civ_common,,,,,,,
,-1855,51,400,mil_common,,,,,,,
,1497,104,-3710,mil_rare,,,,,,,
,958,82,-412,mil_uncommon,,,,,,,
,-986,238,-3906,mil_epic,,,,,,,
,-989,221,-3918,mil_epic,,,,,,,
,-2135,71,-1290,food_uncommon,,,,,,,
,-2139,71,-1287,food_uncommon,,,,,,,
,-979,231,-3888,mil_epic,,,,,,,
,-986,238,-3870,mil_epic,,,,,,,
,-2132,71,-1308,food_uncommon,,,,,,,
,-991,198,-3922,mil_epic,,,,,,,
,-2135,71,-1256,civ_tool,,,,,,,
,2278,67,-3032,mil_rare,,,,,,,
,2285,67,-3035,civ_tool,,,,,,,
,2280,67,-3040,food_common,,,,,,,
,-937,75,-1439,mil_uncommon,,,,,,,
,-2123,98,-1790,mil_rare,,,,,,,
,128,35,-2730,mil_epic,,,,,,,
,-2127,99,-1796,pot_uncommon,,,,,,,
,-2115,88,-1806,mil_rare,,,,,,,
,-1561,74,-3369,mil_rare,,,,,,,
,-1560,68,-3357,civ_tool,,,,,,,
,-992,203,-3841,mil_epic,,,,,,,
,-982,222,-3825,mil_epic,,,,,,,
,-979,222,-3828,mil_epic,,,,,,,
,3674,210,-3873,mil_epic,,,,,,,
,2284,53,-2954,mil_rare,,,,,,,
,-1511,193,-3863,mil_epic,,,,,,,
,-1511,179,-3891,mil_epic,,,,,,,
,1058,71,79,food_common,,,,,,,
,-2377,73,-2514,civ_common,,,,,,,
,-48,59,440,mil_common,,,,,,,
,-36,59,440,mil_common,,,,,,,
,-42,59,419,mil_common,,,,,,,
,-36,59,426,mil_common,,,,,,,
,-48,59,426,mil_common,,,,,,,
,-42,59,431,tool_south,,,,,,,
,2455,189,-3510,mil_epic,,,,,,,
,3257,109,-525,food_common,,,,,,,
,2551,64,554,civ_common,,,,,,,
,2559,68,537,mil_common,,,,,,,
,2546,72,535,civ_common,,,,,,,
,-1585,77,-1996,mil_uncommon,,,,,,,
,3257,109,-568,civ_tool,,,,,,,
,2555,72,522,civ_common,,,,,,,
,2556,68,513,food_common,,,,,,,
,-990,134,-3615,mil_rare,,,,,,,
,-991,134,-3587,mil_rare,,,,,,,
,-986,108,-3586,mil_epic,,,,,,,
,707,47,-973,mil_rare,,,,,,,
,716,43,-974,mil_rare,,,,,,,
,-2651,72,-1464,food_uncommon,,,,,,,
,2544,73,499,food_common,,,,,,,
,708,42,-1077,civ_tool,,,,,,,
,710,43,-1064,food_uncommon,,,,,,,
,-2644,78,-1425,mil_uncommon,,,,,,,
,2463,170,-3491,mil_rare,,,,,,,
,2463,153,-3484,mil_epic,,,,,,,
,137,32,-2697,mil_rare,,,,,,,
,2449,68,-3432,civ_tool,,,,,,,
,15,80,-1863,civ_common,,,,,,,
,10,83,-1859,food_uncommon,,,,,,,
,-370,71,-1646,food_uncommon,,,,,,,
,2553,70,465,civ_common,,,,,,,
,2544,68,479,tool_south,,,,,,,
,2548,66,466,tool_south,,,,,,,
,2559,70,468,food_common,,,,,,,
,2073,72,-419,pot_uncommon,,,,,,,
,2064,64,-448,mil_common,,,,,,,
,-937,75,-1407,mil_uncommon,,,,,,,
,1653,84,455,food_common,,,,,,,
,1661,84,455,food_common,,,,,,,
,1660,81,452,food_common,,,,,,,
,1652,81,456,tool_south,,,,,,,
,2078,69,-455,civ_common,,,,,,,
,2074,64,-454,mil_uncommon,,,,,,,
,-2864,64,-271,mil_common,,,,,,,
,-2864,69,-271,food_uncommon,,,,,,,
,2554,64,448,mil_common,,,,,,,
,2132,92,-3788,mil_rare,,,,,,,
,-2862,68,-250,mil_common,,,,,,,
,470,171,277,civ_tool,,,,,,,
,472,171,277,mil_common,,,,,,,
,-2860,64,-235,food_common,,,,,,,
,2072,64,-400,food_common,,,,,,,
,2065,64,-401,civ_common,,,,,,,
,2065,67,-404,civ_common,,,,,,,
,2072,68,-403,civ_tool,,,,,,,
,704,38,-1136,civ_common,,,,,,,
,709,33,-1128,civ_common,,,,,,,
,3733,70,-291,civ_common,,,,,,,
,3736,80,-289,mil_uncommon,,,,,,,
,3734,92,-288,mil_uncommon,,,,,,,
,-2928,38,-1825,mil_rare,,,,,,,
,-2926,38,-1815,civ_tool,,,,,,,
,14,78,-1955,mil_rare,,,,,,,
,-1128,46,526,food_common,,,,,,,
,-1131,59,521,mil_common,,,,,,,
,-1134,44,523,mil_common,,,,,,,
,-1128,44,517,mil_common,,,,,,,
,-1131,49,531,food_common,,,,,,,
,-1131,46,528,mil_uncommon,,,,,,,
,3373,120,-2436,food_common,,,,,,,
,867,66,438,food_common,,,,,,,
,2720,69,-600,mil_rare,,,,,,,
,2727,79,-603,mil_uncommon,,,,,,,
,2728,78,-558,civ_common,,,,,,,
,2724,78,-551,mil_uncommon,,,,,,,
,-1029,134,-3587,mil_rare,,,,,,,
,-1032,107,-3592,mil_rare,,,,,,,
,-1032,134,-3613,mil_rare,,,,,,,
,622,33,-1818,mil_rare,,,,,,,
,-3294,81,-1271,civ_common,,,,,,,
,-3294,64,-1268,food_uncommon,,,,,,,
,1930,121,-3762,mil_epic,,,,,,,
,1275,50,-3435,mil_epic,,,,,,,
,1265,50,-3422,pot_rare,,,,,,,
,1276,73,-3420,mil_rare,,,,,,,
,1275,80,-3455,mil_rare,,,,,,,
,1275,76,-3455,mil_rare,,,,,,,
,1269,50,-3447,mil_rare,,,,,,,
,1276,68,-3408,food_uncommon,,,,,,,
,-3170,57,-1943,mil_epic,,,,,,,
,1101,52,-1960,mil_epic,,,,,,,
,963,73,-2017,mil_rare,,,,,,,
,969,81,-2003,mil_rare,,,,,,,
,964,100,-2003,mil_rare,,,,,,,
,963,81,-2009,mil_rare,,,,,,,
,-2654,72,-1399,mil_uncommon,,,,,,,
,-2652,72,-1400,mil_uncommon,,,,,,,
,-2646,79,-1407,civ_common,,,,,,,
,706,87,-203,mil_common,,,,,,,
,-47,63,528,mil_common,,,,,,,
,706,87,-185,mil_common,,,,,,,
,-38,64,514,food_common,,,,,,,
,-1708,69,325,food_common,,,,,,,
,-1712,68,334,civ_common,,,,,,,
,-1712,73,329,mil_common,,,,,,,
,1536,70,-3711,mil_epic,,,,,,,
,-1697,71,359,mil_common,,,,,,,
,-1701,72,361,mil_common,,,,,,,
,-1708,74,367,tool_south,,,,,,,
,2569,65,435,food_common,,,,,,,
,2568,67,465,mil_common,,,,,,,
,-1708,71,433,food_common,,,,,,,
,-1707,71,399,food_common,,,,,,,
,-1707,72,390,civ_common,,,,,,,
,-1702,51,397,civ_common,,,,,,,
,-1703,68,394,mil_common,,,,,,,
,-1712,9,385,food_common,,,,,,,
,-265,68,-2673,pot_uncommon,,,,,,,
,-1701,72,378,food_common,,,,,,,
,-1711,68,373,food_common,,,,,,,
,-1712,72,411,civ_common,,,,,,,
,-1711,73,410,civ_common,,,,,,,
,-1705,68,413,civ_common,,,,,,,
,-1702,51,415,civ_common,,,,,,,
,969,85,-2588,mil_rare,,,,,,,
,-1516,170,-3819,food_uncommon,,,,,,,
,3669,210,-3723,mil_rare,,,,,,,
,3678,210,-3716,mil_rare,,,,,,,
,3671,211,-3733,mil_epic,,,,,,,
,3679,210,-3700,mil_rare,,,,,,,
,-1514,177,-3782,mil_epic,,,,,,,
,975,95,-2565,mil_epic,,,,,,,
,975,83,-2565,mil_epic,,,,,,,
,2574,72,506,civ_common,,,,,,,
,968,82,-2556,mil_rare,,,,,,,
,2563,68,481,mil_common,,,,,,,
,2573,72,480,food_common,,,,,,,
,2571,69,482,mil_common,,,,,,,
,3667,215,-3752,mil_epic,,,,,,,
,3673,211,-3757,mil_epic,,,,,,,
,2564,74,531,civ_common,,,,,,,
,2565,68,528,mil_common,,,,,,,
,2575,64,535,mil_common,,,,,,,
,-3033,40,-1564,civ_tool,,,,,,,
,1101,16,-1598,civ_tool,,,,,,,
,3139,99,-37,mil_common,,,,,,,
,-401,64,8,mil_uncommon,,,,,,,
,-272,141,-2541,mil_epic,,,,,,,
,708,67,-586,civ_common,,,,,,,
,716,67,-586,civ_common,,,,,,,
,704,71,-579,civ_common,,,,,,,
,712,72,-574,civ_common,,,,,,,
,-350,63,451,civ_common,,,,,,,
,1686,49,-2566,civ_tool,,,,,,,
,1687,64,-2563,mil_rare,,,,,,,
,1685,50,-2572,mil_rare,,,,,,,
,1684,61,-2562,mil_epic,,,,,,,
,2089,106,-3884,mil_epic,,,,,,,
,2627,64,185,food_uncommon,,,,,,,
,-2850,26,-1472,civ_tool,,,,,,,
,2090,50,-3774,mil_epic,,,,,,,
,1684,57,-2585,mil_rare,,,,,,,
,1686,66,-2585,mil_rare,,,,,,,
,-927,180,-3899,mil_rare,,,,,,,
,-529,70,161,food_common,,,,,,,
,-531,64,163,food_common,,,,,,,
,1427,104,-3719,mil_epic,,,,,,,
,-2069,90,-1805,mil_epic,,,,,,,
,-532,64,315,food_common,,,,,,,
,-2076,113,-1816,mil_rare,,,,,,,
,-3121,30,-2005,food_uncommon,,,,,,,
,1439,114,-3755,mil_epic,,,,,,,
,-3126,35,-2057,mil_rare,,,,,,,
,-3123,21,-2057,mil_rare,,,,,,,
,215,243,-3795,dungeon_t3,,,,,,,
,3571,147,-2615,mil_rare,,,,,,,
,3568,171,-2591,mil_epic,,,,,,,
,-536,64,334,food_common,,,,,,,
,741,47,-1100,mil_epic,,,,,,,
,744,35,-1094,food_uncommon,,,,,,,
,746,40,-1100,food_uncommon,,,,,,,
,-2403,63,-3709,mil_epic,,,,,,,
,-2405,63,-3711,mil_epic,,,,,,,
,3391,67,40,mil_common,,,,,,,
,-2403,57,-3724,mil_rare,,,,,,,
,-2413,63,-3721,mil_epic,,,,,,,
,-2407,63,-3724,mil_epic,,,,,,,
,-2403,73,-3689,mil_epic,,,,,,,
,-1079,112,-3617,mil_epic,,,,,,,
,-2830,78,-337,mil_uncommon,,,,,,,
,-2830,163,-337,mil_rare,,,,,,,
,2624,64,540,mil_common,,,,,,,
,-2830,65,-331,mil_common,,,,,,,
,-2819,163,-326,mil_rare,,,,,,,
,-2830,87,-334,mil_uncommon,,,,,,,
,-2830,93,-336,mil_uncommon,,,,,,,
,-2829,134,-316,mil_rare,,,,,,,
,-2830,162,-312,mil_rare,,,,,,,
,-2433,73,-2570,food_uncommon,,,,,,,
,-1443,72,295,food_common,,,,,,,
,742,47,-1106,mil_epic,,,,,,,
,3212,71,-2501,mil_rare,,,,,,,
,3202,73,-2544,food_common,,,,,,,
,-3000,71,318,civ_common,,,,,,,
,-3000,65,311,food_common,,,,,,,
,-3008,65,317,mil_common,,,,,,,
,-3008,65,310,tool_south,,,,,,,
,-425,92,-1610,pot_uncommon,,,,,,,
,-489,71,-1569,civ_common,,,,,,,
,-491,77,-1574,civ_common,,,,,,,
,-422,65,-1669,mil_uncommon,,,,,,,
,-2998,66,219,mil_common,,,,,,,
,-3004,65,224,pot_south,,,,,,,
,-3004,65,226,pot_south,,,,,,,
,-2998,86,224,mil_common,,,,,,,
,3907,73,-596,pot_common,,,,,,,
,7,69,522,food_common,,,,,,,
,4,65,523,food_common,,,,,,,
,7,68,531,food_common,,,,,,,
,2,71,528,tool_south,,,,,,,
,7,65,531,tool_south,,,,,,,
,3915,108,-587,pot_uncommon,,,,,,,
,2080,59,-3755,mil_epic,,,,,,,
,3904,72,-557,pot_common,,,,,,,
,2438,89,-1796,mil_rare,,,,,,,
,2434,89,-1806,mil_rare,,,,,,,
,2445,89,-1820,mil_rare,,,,,,,
,1930,80,-3832,mil_epic,,,,,,,
,508,43,-1238,mil_rare,,,,,,,
,151,205,-418,mil_epic,,,,,,,
,151,209,-418,mil_epic,,,,,,,
,-1557,195,-3839,mil_rare,,,,,,,
,1855,47,-2728,mil_rare,,,,,,,
,1854,68,-2709,mil_rare,,,,,,,
,1851,88,-2718,mil_rare,,,,,,,
,1852,63,-2709,pot_uncommon,,,,,,,
,1621,81,-458,mil_uncommon,,,,,,,
,-1557,178,-3807,mil_rare,,,,,,,
,2752,90,-567,mil_rare,,,,,,,
,2752,79,-564,food_uncommon,,,,,,,
,2752,74,-589,civ_common,,,,,,,
,2758,79,-584,food_uncommon,,,,,,,
,2761,78,-553,food_common,,,,,,,
,1621,81,-446,mil_uncommon,,,,,,,
,785,77,464,mil_common,,,,,,,
,2564,68,-3482,civ_tool,,,,,,,
,-1143,71,-903,mil_uncommon,,,,,,,
,-1142,76,-898,mil_uncommon,,,,,,,
,-2855,84,-1054,civ_common,,,,,,,
,-1142,73,-934,civ_tool,,,,,,,
,-1142,69,-940,civ_tool,,,,,,,
,-1138,77,-931,mil_uncommon,,,,,,,
,-2611,81,-1405,mil_rare,,,,,,,
,-2618,67,-1397,civ_common,,,,,,,
,-2619,73,-1394,mil_uncommon,,,,,,,
,1727,63,513,food_common,,,,,,,
,1721,81,444,civ_common,,,,,,,
,1721,73,432,civ_common,,,,,,,
,1722,80,401,mil_common,,,,,,,
,1723,84,411,food_common,,,,,,,
,1722,80,413,civ_common,,,,,,,
,1724,93,471,food_common,,,,,,,
,3219,72,211,food_common,,,,,,,
,3224,67,209,food_common,,,,,,,
,-1150,71,-947,mil_rare,,,,,,,
,1646,43,-2191,mil_rare,,,,,,,
,-2654,41,-2820,mil_epic,,,,,,,
,3217,72,225,food_common,,,,,,,
,3222,67,232,civ_common,,,,,,,
,3220,67,224,civ_common,,,,,,,
,3225,77,224,food_common,,,,,,,
,-2851,104,-1024,food_uncommon,,,,,,,
,1646,43,-2218,food_uncommon,,,,,,,
,1722,75,374,civ_common,,,,,,,
,801,68,416,food_common,,,,,,,
